user_id,age,gender,occupation,zip_code,age_group,zip_code_factor
1,24,M,technician,85711,18-25,1.0986122886681096
2,53,F,other,94043,>50,1.3862943611198906
3,23,M,writer,32067,18-25,0.6931471805599453
4,24,M,technician,43537,18-25,0.6931471805599453
5,33,F,other,15213,26-35,0.6931471805599453
6,42,M,executive,98101,36-50,0.6931471805599453
7,57,M,administrator,91344,>50,1.0986122886681096
8,36,M,administrator,05201,36-50,0.6931471805599453
9,29,M,student,01002,26-35,0.6931471805599453
10,53,M,lawyer,90703,>50,0.6931471805599453
11,39,F,other,30329,36-50,0.6931471805599453
12,28,F,other,06405,26-35,0.6931471805599453
13,47,M,educator,29206,36-50,0.6931471805599453
14,45,M,scientist,55106,36-50,1.3862943611198906
15,49,F,educator,97301,36-50,1.3862943611198906
16,21,M,entertainment,10309,18-25,0.6931471805599453
17,30,M,programmer,06355,26-35,0.6931471805599453
18,35,F,other,37212,26-35,0.6931471805599453
19,40,M,librarian,02138,36-50,0.6931471805599453
20,42,F,homemaker,95660,36-50,0.6931471805599453
21,26,M,writer,30068,26-35,0.6931471805599453
22,25,M,writer,40206,18-25,0.6931471805599453
23,30,F,artist,48197,26-35,1.0986122886681096
24,21,F,artist,94533,18-25,1.0986122886681096
25,39,M,engineer,55107,36-50,0.6931471805599453
26,49,M,engineer,21044,36-50,0.6931471805599453
27,40,F,librarian,30030,36-50,0.6931471805599453
28,32,M,writer,55369,26-35,1.0986122886681096
29,41,M,programmer,94043,36-50,1.3862943611198906
30,7,M,student,55436,<18,0.6931471805599453
31,24,M,artist,10003,18-25,1.791759469228055
32,28,F,student,78741,26-35,1.0986122886681096
33,23,M,student,27510,18-25,0.6931471805599453
34,38,F,administrator,42141,36-50,0.6931471805599453
35,20,F,homemaker,42459,18-25,0.6931471805599453
36,19,F,student,93117,18-25,0.6931471805599453
37,23,M,student,55105,18-25,1.9459101490553132
38,28,F,other,54467,26-35,0.6931471805599453
39,41,M,entertainment,01040,36-50,0.6931471805599453
40,38,M,scientist,27514,36-50,1.6094379124341003
41,33,M,engineer,80525,26-35,1.3862943611198906
42,30,M,administrator,17870,26-35,0.6931471805599453
43,29,F,librarian,20854,26-35,0.6931471805599453
44,26,M,technician,46260,26-35,1.0986122886681096
45,29,M,programmer,50233,26-35,0.6931471805599453
46,27,F,marketing,46538,26-35,0.6931471805599453
47,53,M,marketing,07102,>50,0.6931471805599453
48,45,M,administrator,12550,36-50,0.6931471805599453
49,23,F,student,76111,18-25,0.6931471805599453
50,21,M,writer,52245,18-25,0.6931471805599453
51,28,M,educator,16509,26-35,0.6931471805599453
52,18,F,student,55105,<18,1.9459101490553132
53,26,M,programmer,55414,26-35,2.302585092994046
54,22,M,executive,66315,18-25,0.6931471805599453
55,37,M,programmer,01331,36-50,0.6931471805599453
56,25,M,librarian,46260,18-25,1.0986122886681096
57,16,M,none,84010,<18,0.6931471805599453
58,27,M,programmer,52246,26-35,0.6931471805599453
59,49,M,educator,08403,36-50,0.6931471805599453
60,50,M,healthcare,06472,36-50,0.6931471805599453
61,36,M,engineer,30040,36-50,0.6931471805599453
62,27,F,administrator,97214,26-35,0.6931471805599453
63,31,M,marketing,75240,26-35,0.6931471805599453
64,32,M,educator,43202,26-35,0.6931471805599453
65,51,F,educator,48118,>50,1.0986122886681096
66,23,M,student,80521,18-25,0.6931471805599453
67,17,M,student,60402,<18,1.0986122886681096
68,19,M,student,22904,18-25,0.6931471805599453
69,24,M,engineer,55337,18-25,1.791759469228055
70,27,M,engineer,60067,26-35,0.6931471805599453
71,39,M,scientist,98034,36-50,0.6931471805599453
72,48,F,administrator,73034,36-50,0.6931471805599453
73,24,M,student,41850,18-25,0.6931471805599453
74,39,M,scientist,T8H1N,36-50,1.0986122886681096
75,24,M,entertainment,08816,18-25,0.6931471805599453
76,20,M,student,02215,18-25,1.3862943611198906
77,30,M,technician,29379,26-35,0.6931471805599453
78,26,M,administrator,61801,26-35,1.3862943611198906
79,39,F,administrator,03755,36-50,0.6931471805599453
80,34,F,administrator,52241,26-35,0.6931471805599453
81,21,M,student,21218,18-25,1.0986122886681096
82,50,M,programmer,22902,36-50,1.3862943611198906
83,40,M,other,44133,36-50,0.6931471805599453
84,32,M,executive,55369,26-35,1.0986122886681096
85,51,M,educator,20003,>50,1.0986122886681096
86,26,M,administrator,46005,26-35,0.6931471805599453
87,47,M,administrator,89503,36-50,0.6931471805599453
88,49,F,librarian,11701,36-50,0.6931471805599453
89,43,F,administrator,68106,36-50,0.6931471805599453
90,60,M,educator,78155,>50,0.6931471805599453
91,55,M,marketing,01913,>50,0.6931471805599453
92,32,M,entertainment,80525,26-35,1.3862943611198906
93,48,M,executive,23112,36-50,0.6931471805599453
94,26,M,student,71457,26-35,0.6931471805599453
95,31,M,administrator,10707,26-35,0.6931471805599453
96,25,F,artist,75206,18-25,0.6931471805599453
97,43,M,artist,98006,36-50,1.0986122886681096
98,49,F,executive,90291,36-50,0.6931471805599453
99,20,M,student,63129,18-25,0.6931471805599453
100,36,M,executive,90254,36-50,0.6931471805599453
101,15,M,student,05146,<18,0.6931471805599453
102,38,M,programmer,30220,36-50,0.6931471805599453
103,26,M,student,55108,26-35,1.3862943611198906
104,27,M,student,55108,26-35,1.3862943611198906
105,24,M,engineer,94043,18-25,1.3862943611198906
106,61,M,retired,55125,>50,0.6931471805599453
107,39,M,scientist,60466,36-50,0.6931471805599453
108,44,M,educator,63130,36-50,0.6931471805599453
109,29,M,other,55423,26-35,0.6931471805599453
110,19,M,student,77840,18-25,0.6931471805599453
111,57,M,engineer,90630,>50,0.6931471805599453
112,30,M,salesman,60613,26-35,0.6931471805599453
113,47,M,executive,95032,36-50,0.6931471805599453
114,27,M,programmer,75013,26-35,0.6931471805599453
115,31,M,engineer,17110,26-35,0.6931471805599453
116,40,M,healthcare,97232,36-50,0.6931471805599453
117,20,M,student,16125,18-25,0.6931471805599453
118,21,M,administrator,90210,18-25,1.0986122886681096
119,32,M,programmer,67401,26-35,0.6931471805599453
120,47,F,other,06260,36-50,0.6931471805599453
121,54,M,librarian,99603,>50,0.6931471805599453
122,32,F,writer,22206,26-35,1.0986122886681096
123,48,F,artist,20008,36-50,0.6931471805599453
124,34,M,student,60615,26-35,0.6931471805599453
125,30,M,lawyer,22202,26-35,0.6931471805599453
126,28,F,lawyer,20015,26-35,0.6931471805599453
127,33,M,none,73439,26-35,0.6931471805599453
128,24,F,marketing,20009,18-25,1.791759469228055
129,36,F,marketing,07039,36-50,0.6931471805599453
130,20,M,none,60115,18-25,0.6931471805599453
131,59,F,administrator,15237,>50,0.6931471805599453
132,24,M,other,94612,18-25,0.6931471805599453
133,53,M,engineer,78602,>50,0.6931471805599453
134,31,M,programmer,80236,26-35,0.6931471805599453
135,23,M,student,38401,18-25,0.6931471805599453
136,51,M,other,97365,>50,0.6931471805599453
137,50,M,educator,84408,36-50,0.6931471805599453
138,46,M,doctor,53211,36-50,1.0986122886681096
139,20,M,student,08904,18-25,0.6931471805599453
140,30,F,student,32250,26-35,0.6931471805599453
141,49,M,programmer,36117,36-50,0.6931471805599453
142,13,M,other,48118,<18,1.0986122886681096
143,42,M,technician,08832,36-50,0.6931471805599453
144,53,M,programmer,20910,>50,0.6931471805599453
145,31,M,entertainment,V3N4P,26-35,0.6931471805599453
146,45,M,artist,83814,36-50,1.0986122886681096
147,40,F,librarian,02143,36-50,0.6931471805599453
148,33,M,engineer,97006,26-35,0.6931471805599453
149,35,F,marketing,17325,26-35,0.6931471805599453
150,20,F,artist,02139,18-25,1.0986122886681096
151,38,F,administrator,48103,36-50,1.3862943611198906
152,33,F,educator,68767,26-35,1.0986122886681096
153,25,M,student,60641,18-25,0.6931471805599453
154,25,M,student,53703,18-25,0.6931471805599453
155,32,F,other,11217,26-35,1.3862943611198906
156,25,M,educator,08360,18-25,0.6931471805599453
157,57,M,engineer,70808,>50,0.6931471805599453
158,50,M,educator,27606,36-50,0.6931471805599453
159,23,F,student,55346,18-25,1.0986122886681096
160,27,M,programmer,66215,26-35,0.6931471805599453
161,50,M,lawyer,55104,36-50,1.3862943611198906
162,25,M,artist,15610,18-25,0.6931471805599453
163,49,M,administrator,97212,36-50,0.6931471805599453
164,47,M,healthcare,80123,36-50,1.0986122886681096
165,20,F,other,53715,18-25,0.6931471805599453
166,47,M,educator,55113,36-50,1.3862943611198906
167,37,M,other,L9G2B,36-50,0.6931471805599453
168,48,M,other,80127,36-50,0.6931471805599453
169,52,F,other,53705,>50,0.6931471805599453
170,53,F,healthcare,30067,>50,1.0986122886681096
171,48,F,educator,78750,36-50,0.6931471805599453
172,55,M,marketing,22207,>50,0.6931471805599453
173,56,M,other,22306,>50,0.6931471805599453
174,30,F,administrator,52302,26-35,0.6931471805599453
175,26,F,scientist,21911,26-35,0.6931471805599453
176,28,M,scientist,07030,26-35,0.6931471805599453
177,20,M,programmer,19104,18-25,0.6931471805599453
178,26,M,other,49512,26-35,1.0986122886681096
179,15,M,entertainment,20755,<18,1.0986122886681096
180,22,F,administrator,60202,18-25,0.6931471805599453
181,26,M,executive,21218,26-35,1.0986122886681096
182,36,M,programmer,33884,36-50,1.0986122886681096
183,33,M,scientist,27708,26-35,0.6931471805599453
184,37,M,librarian,76013,36-50,0.6931471805599453
185,53,F,librarian,97403,>50,0.6931471805599453
186,39,F,executive,00000,36-50,1.0986122886681096
187,26,M,educator,16801,26-35,0.6931471805599453
188,42,M,student,29440,36-50,0.6931471805599453
189,32,M,artist,95014,26-35,0.6931471805599453
190,30,M,administrator,95938,26-35,0.6931471805599453
191,33,M,administrator,95161,26-35,0.6931471805599453
192,42,M,educator,90840,36-50,0.6931471805599453
193,29,M,student,49931,26-35,0.6931471805599453
194,38,M,administrator,02154,36-50,1.0986122886681096
195,42,M,scientist,93555,36-50,1.0986122886681096
196,49,M,writer,55105,36-50,1.9459101490553132
197,55,M,technician,75094,>50,0.6931471805599453
198,21,F,student,55414,18-25,2.302585092994046
199,30,M,writer,17604,26-35,0.6931471805599453
200,40,M,programmer,93402,36-50,0.6931471805599453
201,27,M,writer,E2A4H,26-35,0.6931471805599453
202,41,F,educator,60201,36-50,1.3862943611198906
203,25,F,student,32301,18-25,1.0986122886681096
204,52,F,librarian,10960,>50,1.0986122886681096
205,47,M,lawyer,06371,36-50,0.6931471805599453
206,14,F,student,53115,<18,0.6931471805599453
207,39,M,marketing,92037,36-50,0.6931471805599453
208,43,M,engineer,01720,36-50,1.0986122886681096
209,33,F,educator,85710,26-35,0.6931471805599453
210,39,M,engineer,03060,36-50,0.6931471805599453
211,66,M,salesman,32605,>50,0.6931471805599453
212,49,F,educator,61401,36-50,0.6931471805599453
213,33,M,executive,55345,26-35,0.6931471805599453
214,26,F,librarian,11231,26-35,1.0986122886681096
215,35,M,programmer,63033,26-35,0.6931471805599453
216,22,M,engineer,02215,18-25,1.3862943611198906
217,22,M,other,11727,18-25,0.6931471805599453
218,37,M,administrator,06513,36-50,0.6931471805599453
219,32,M,programmer,43212,26-35,1.0986122886681096
220,30,M,librarian,78205,26-35,0.6931471805599453
221,19,M,student,20685,18-25,0.6931471805599453
222,29,M,programmer,27502,26-35,0.6931471805599453
223,19,F,student,47906,18-25,0.6931471805599453
224,31,F,educator,43512,26-35,0.6931471805599453
225,51,F,administrator,58202,>50,0.6931471805599453
226,28,M,student,92103,26-35,0.6931471805599453
227,46,M,executive,60659,36-50,0.6931471805599453
228,21,F,student,22003,18-25,0.6931471805599453
229,29,F,librarian,22903,26-35,1.3862943611198906
230,28,F,student,14476,26-35,0.6931471805599453
231,48,M,librarian,01080,36-50,0.6931471805599453
232,45,M,scientist,99709,36-50,1.0986122886681096
233,38,M,engineer,98682,36-50,0.6931471805599453
234,60,M,retired,94702,>50,0.6931471805599453
235,37,M,educator,22973,36-50,0.6931471805599453
236,44,F,writer,53214,36-50,0.6931471805599453
237,49,M,administrator,63146,36-50,0.6931471805599453
238,42,F,administrator,44124,36-50,0.6931471805599453
239,39,M,artist,95628,36-50,0.6931471805599453
240,23,F,educator,20784,18-25,0.6931471805599453
241,26,F,student,20001,26-35,0.6931471805599453
242,33,M,educator,31404,26-35,0.6931471805599453
243,33,M,educator,60201,26-35,1.3862943611198906
244,28,M,technician,80525,26-35,1.3862943611198906
245,22,M,student,55109,18-25,0.6931471805599453
246,19,M,student,28734,18-25,0.6931471805599453
247,28,M,engineer,20770,26-35,0.6931471805599453
248,25,M,student,37235,18-25,0.6931471805599453
249,25,M,student,84103,18-25,0.6931471805599453
250,29,M,executive,95110,26-35,0.6931471805599453
251,28,M,doctor,85032,26-35,0.6931471805599453
252,42,M,engineer,07733,36-50,0.6931471805599453
253,26,F,librarian,22903,26-35,1.3862943611198906
254,44,M,educator,42647,36-50,0.6931471805599453
255,23,M,entertainment,07029,18-25,0.6931471805599453
256,35,F,none,39042,26-35,0.6931471805599453
257,17,M,student,77005,<18,0.6931471805599453
258,19,F,student,77801,18-25,0.6931471805599453
259,21,M,student,48823,18-25,0.6931471805599453
260,40,F,artist,89801,36-50,0.6931471805599453
261,28,M,administrator,85202,26-35,0.6931471805599453
262,19,F,student,78264,18-25,0.6931471805599453
263,41,M,programmer,55346,36-50,1.0986122886681096
264,36,F,writer,90064,36-50,0.6931471805599453
265,26,M,executive,84601,26-35,0.6931471805599453
266,62,F,administrator,78756,>50,0.6931471805599453
267,23,M,engineer,83716,18-25,0.6931471805599453
268,24,M,engineer,19422,18-25,0.6931471805599453
269,31,F,librarian,43201,26-35,0.6931471805599453
270,18,F,student,63119,<18,0.6931471805599453
271,51,M,engineer,22932,>50,0.6931471805599453
272,33,M,scientist,53706,26-35,1.0986122886681096
273,50,F,other,10016,36-50,1.0986122886681096
274,20,F,student,55414,18-25,2.302585092994046
275,38,M,engineer,92064,36-50,0.6931471805599453
276,21,M,student,95064,18-25,0.6931471805599453
277,35,F,administrator,55406,26-35,1.0986122886681096
278,37,F,librarian,30033,36-50,0.6931471805599453
279,33,M,programmer,85251,26-35,0.6931471805599453
280,30,F,librarian,22903,26-35,1.3862943611198906
281,15,F,student,06059,<18,0.6931471805599453
282,22,M,administrator,20057,18-25,0.6931471805599453
283,28,M,programmer,55305,26-35,0.6931471805599453
284,40,M,executive,92629,36-50,1.0986122886681096
285,25,M,programmer,53713,18-25,0.6931471805599453
286,27,M,student,15217,26-35,0.6931471805599453
287,21,M,salesman,31211,18-25,0.6931471805599453
288,34,M,marketing,23226,26-35,0.6931471805599453
289,11,M,none,94619,<18,0.6931471805599453
290,40,M,engineer,93550,36-50,0.6931471805599453
291,19,M,student,44106,18-25,0.6931471805599453
292,35,F,programmer,94703,26-35,0.6931471805599453
293,24,M,writer,60804,18-25,0.6931471805599453
294,34,M,technician,92110,26-35,0.6931471805599453
295,31,M,educator,50325,26-35,0.6931471805599453
296,43,F,administrator,16803,36-50,0.6931471805599453
297,29,F,educator,98103,26-35,0.6931471805599453
298,44,M,executive,01581,36-50,0.6931471805599453
299,29,M,doctor,63108,26-35,1.3862943611198906
300,26,F,programmer,55106,26-35,1.3862943611198906
301,24,M,student,55439,18-25,0.6931471805599453
302,42,M,educator,77904,36-50,0.6931471805599453
303,19,M,student,14853,18-25,0.6931471805599453
304,22,F,student,71701,18-25,0.6931471805599453
305,23,M,programmer,94086,18-25,1.0986122886681096
306,45,M,other,73132,36-50,0.6931471805599453
307,25,M,student,55454,18-25,1.6094379124341003
308,60,M,retired,95076,>50,0.6931471805599453
309,40,M,scientist,70802,36-50,0.6931471805599453
310,37,M,educator,91711,36-50,1.0986122886681096
311,32,M,technician,73071,26-35,0.6931471805599453
312,48,M,other,02110,36-50,0.6931471805599453
313,41,M,marketing,60035,36-50,0.6931471805599453
314,20,F,student,08043,18-25,0.6931471805599453
315,31,M,educator,18301,26-35,0.6931471805599453
316,43,F,other,77009,36-50,0.6931471805599453
317,22,M,administrator,13210,18-25,0.6931471805599453
318,65,M,retired,06518,>50,0.6931471805599453
319,38,M,programmer,22030,36-50,0.6931471805599453
320,19,M,student,24060,18-25,0.6931471805599453
321,49,F,educator,55413,36-50,0.6931471805599453
322,20,M,student,50613,18-25,1.0986122886681096
323,21,M,student,19149,18-25,0.6931471805599453
324,21,F,student,02176,18-25,0.6931471805599453
325,48,M,technician,02139,36-50,1.0986122886681096
326,41,M,administrator,15235,36-50,0.6931471805599453
327,22,M,student,11101,18-25,0.6931471805599453
328,51,M,administrator,06779,>50,0.6931471805599453
329,48,M,educator,01720,36-50,1.0986122886681096
330,35,F,educator,33884,26-35,1.0986122886681096
331,33,M,entertainment,91344,26-35,1.0986122886681096
332,20,M,student,40504,18-25,0.6931471805599453
333,47,M,other,V0R2M,36-50,0.6931471805599453
334,32,M,librarian,30002,26-35,0.6931471805599453
335,45,M,executive,33775,36-50,0.6931471805599453
336,23,M,salesman,42101,18-25,0.6931471805599453
337,37,M,scientist,10522,36-50,0.6931471805599453
338,39,F,librarian,59717,36-50,0.6931471805599453
339,35,M,lawyer,37901,26-35,0.6931471805599453
340,46,M,engineer,80123,36-50,1.0986122886681096
341,17,F,student,44405,<18,0.6931471805599453
342,25,F,other,98006,18-25,1.0986122886681096
343,43,M,engineer,30093,36-50,0.6931471805599453
344,30,F,librarian,94117,26-35,0.6931471805599453
345,28,F,librarian,94143,26-35,0.6931471805599453
346,34,M,other,76059,26-35,0.6931471805599453
347,18,M,student,90210,<18,1.0986122886681096
348,24,F,student,45660,18-25,0.6931471805599453
349,68,M,retired,61455,>50,0.6931471805599453
350,32,M,student,97301,26-35,1.3862943611198906
351,61,M,educator,49938,>50,0.6931471805599453
352,37,F,programmer,55105,36-50,1.9459101490553132
353,25,M,scientist,28480,18-25,0.6931471805599453
354,29,F,librarian,48197,26-35,1.0986122886681096
355,25,M,student,60135,18-25,0.6931471805599453
356,32,F,homemaker,92688,26-35,0.6931471805599453
357,26,M,executive,98133,26-35,0.6931471805599453
358,40,M,educator,10022,36-50,1.0986122886681096
359,22,M,student,61801,18-25,1.3862943611198906
360,51,M,other,98027,>50,1.0986122886681096
361,22,M,student,44074,18-25,0.6931471805599453
362,35,F,homemaker,85233,26-35,0.6931471805599453
363,20,M,student,87501,18-25,0.6931471805599453
364,63,M,engineer,01810,>50,1.0986122886681096
365,29,M,lawyer,20009,26-35,1.791759469228055
366,20,F,student,50670,18-25,0.6931471805599453
367,17,M,student,37411,<18,0.6931471805599453
368,18,M,student,92113,<18,0.6931471805599453
369,24,M,student,91335,18-25,0.6931471805599453
370,52,M,writer,08534,>50,0.6931471805599453
371,36,M,engineer,99206,36-50,0.6931471805599453
372,25,F,student,66046,18-25,0.6931471805599453
373,24,F,other,55116,18-25,1.0986122886681096
374,36,M,executive,78746,36-50,0.6931471805599453
375,17,M,entertainment,37777,<18,0.6931471805599453
376,28,F,other,10010,26-35,0.6931471805599453
377,22,M,student,18015,18-25,0.6931471805599453
378,35,M,student,02859,26-35,0.6931471805599453
379,44,M,programmer,98117,36-50,0.6931471805599453
380,32,M,engineer,55117,26-35,0.6931471805599453
381,33,M,artist,94608,26-35,0.6931471805599453
382,45,M,engineer,01824,36-50,0.6931471805599453
383,42,M,administrator,75204,36-50,0.6931471805599453
384,52,M,programmer,45218,>50,1.0986122886681096
385,36,M,writer,10003,36-50,1.791759469228055
386,36,M,salesman,43221,36-50,0.6931471805599453
387,33,M,entertainment,37412,26-35,0.6931471805599453
388,31,M,other,36106,26-35,0.6931471805599453
389,44,F,writer,83702,36-50,1.0986122886681096
390,42,F,writer,85016,36-50,0.6931471805599453
391,23,M,student,84604,18-25,0.6931471805599453
392,52,M,writer,59801,>50,0.6931471805599453
393,19,M,student,83686,18-25,0.6931471805599453
394,25,M,administrator,96819,18-25,0.6931471805599453
395,43,M,other,44092,36-50,0.6931471805599453
396,57,M,engineer,94551,>50,0.6931471805599453
397,17,M,student,27514,<18,1.6094379124341003
398,40,M,other,60008,36-50,0.6931471805599453
399,25,M,other,92374,18-25,0.6931471805599453
400,33,F,administrator,78213,26-35,0.6931471805599453
401,46,F,healthcare,84107,36-50,0.6931471805599453
402,30,M,engineer,95129,26-35,0.6931471805599453
403,37,M,other,06811,36-50,0.6931471805599453
404,29,F,programmer,55108,26-35,1.3862943611198906
405,22,F,healthcare,10019,18-25,1.0986122886681096
406,52,M,educator,93109,>50,0.6931471805599453
407,29,M,engineer,03261,26-35,0.6931471805599453
408,23,M,student,61755,18-25,1.0986122886681096
409,48,M,administrator,98225,36-50,0.6931471805599453
410,30,F,artist,94025,26-35,0.6931471805599453
411,34,M,educator,44691,26-35,0.6931471805599453
412,25,M,educator,15222,18-25,0.6931471805599453
413,55,M,educator,78212,>50,1.0986122886681096
414,24,M,programmer,38115,18-25,1.0986122886681096
415,39,M,educator,85711,36-50,1.0986122886681096
416,20,F,student,92626,18-25,1.0986122886681096
417,27,F,other,48103,26-35,1.3862943611198906
418,55,F,none,21206,>50,0.6931471805599453
419,37,M,lawyer,43215,36-50,0.6931471805599453
420,53,M,educator,02140,>50,0.6931471805599453
421,38,F,programmer,55105,36-50,1.9459101490553132
422,26,M,entertainment,94533,26-35,1.0986122886681096
423,64,M,other,91606,>50,0.6931471805599453
424,36,F,marketing,55422,36-50,1.0986122886681096
425,19,M,student,58644,18-25,0.6931471805599453
426,55,M,educator,01602,>50,0.6931471805599453
427,51,M,doctor,85258,>50,0.6931471805599453
428,28,M,student,55414,26-35,2.302585092994046
429,27,M,student,29205,26-35,0.6931471805599453
430,38,M,scientist,98199,36-50,0.6931471805599453
431,24,M,marketing,92629,18-25,1.0986122886681096
432,22,M,entertainment,50311,18-25,0.6931471805599453
433,27,M,artist,11211,26-35,0.6931471805599453
434,16,F,student,49705,<18,0.6931471805599453
435,24,M,engineer,60007,18-25,0.6931471805599453
436,30,F,administrator,17345,26-35,0.6931471805599453
437,27,F,other,20009,26-35,1.791759469228055
438,51,F,administrator,43204,>50,0.6931471805599453
439,23,F,administrator,20817,18-25,0.6931471805599453
440,30,M,other,48076,26-35,0.6931471805599453
441,50,M,technician,55013,36-50,0.6931471805599453
442,22,M,student,85282,18-25,1.0986122886681096
443,35,M,salesman,33308,26-35,0.6931471805599453
444,51,F,lawyer,53202,>50,0.6931471805599453
445,21,M,writer,92653,18-25,0.6931471805599453
446,57,M,educator,60201,>50,1.3862943611198906
447,30,M,administrator,55113,26-35,1.3862943611198906
448,23,M,entertainment,10021,18-25,1.3862943611198906
449,23,M,librarian,55021,18-25,0.6931471805599453
450,35,F,educator,11758,26-35,0.6931471805599453
451,16,M,student,48446,<18,0.6931471805599453
452,35,M,administrator,28018,26-35,0.6931471805599453
453,18,M,student,06333,<18,0.6931471805599453
454,57,M,other,97330,>50,0.6931471805599453
455,48,M,administrator,83709,36-50,0.6931471805599453
456,24,M,technician,31820,18-25,0.6931471805599453
457,33,F,salesman,30011,26-35,0.6931471805599453
458,47,M,technician,Y1A6B,36-50,0.6931471805599453
459,22,M,student,29201,18-25,0.6931471805599453
460,44,F,other,60630,36-50,1.0986122886681096
461,15,M,student,98102,<18,0.6931471805599453
462,19,F,student,02918,18-25,0.6931471805599453
463,48,F,healthcare,75218,36-50,0.6931471805599453
464,60,M,writer,94583,>50,0.6931471805599453
465,32,M,other,05001,26-35,0.6931471805599453
466,22,M,student,90804,18-25,0.6931471805599453
467,29,M,engineer,91201,26-35,1.0986122886681096
468,28,M,engineer,02341,26-35,0.6931471805599453
469,60,M,educator,78628,>50,0.6931471805599453
470,24,M,programmer,10021,18-25,1.3862943611198906
471,10,M,student,77459,<18,0.6931471805599453
472,24,M,student,87544,18-25,0.6931471805599453
473,29,M,student,94708,26-35,0.6931471805599453
474,51,M,executive,93711,>50,0.6931471805599453
475,30,M,programmer,75230,26-35,0.6931471805599453
476,28,M,student,60440,26-35,0.6931471805599453
477,23,F,student,02125,18-25,0.6931471805599453
478,29,M,other,10019,26-35,1.0986122886681096
479,30,M,educator,55409,26-35,1.3862943611198906
480,57,M,retired,98257,>50,0.6931471805599453
481,73,M,retired,37771,>50,0.6931471805599453
482,18,F,student,40256,<18,0.6931471805599453
483,29,M,scientist,43212,26-35,1.0986122886681096
484,27,M,student,21208,26-35,0.6931471805599453
485,44,F,educator,95821,36-50,0.6931471805599453
486,39,M,educator,93101,36-50,0.6931471805599453
487,22,M,engineer,92121,18-25,0.6931471805599453
488,48,M,technician,21012,36-50,0.6931471805599453
489,55,M,other,45218,>50,1.0986122886681096
490,29,F,artist,V5A2B,26-35,0.6931471805599453
491,43,F,writer,53711,36-50,1.0986122886681096
492,57,M,educator,94618,>50,1.0986122886681096
493,22,M,engineer,60090,18-25,0.6931471805599453
494,38,F,administrator,49428,36-50,0.6931471805599453
495,29,M,engineer,03052,26-35,0.6931471805599453
496,21,F,student,55414,18-25,2.302585092994046
497,20,M,student,50112,18-25,0.6931471805599453
498,26,M,writer,55408,26-35,1.6094379124341003
499,42,M,programmer,75006,36-50,0.6931471805599453
500,28,M,administrator,94305,26-35,0.6931471805599453
501,22,M,student,10025,18-25,1.0986122886681096
502,22,M,student,23092,18-25,0.6931471805599453
503,50,F,writer,27514,36-50,1.6094379124341003
504,40,F,writer,92115,36-50,0.6931471805599453
505,27,F,other,20657,26-35,0.6931471805599453
506,46,M,programmer,03869,36-50,0.6931471805599453
507,18,F,writer,28450,<18,0.6931471805599453
508,27,M,marketing,19382,26-35,0.6931471805599453
509,23,M,administrator,10011,18-25,0.6931471805599453
510,34,M,other,98038,26-35,0.6931471805599453
511,22,M,student,21250,18-25,0.6931471805599453
512,29,M,other,20090,26-35,0.6931471805599453
513,43,M,administrator,26241,36-50,0.6931471805599453
514,27,M,programmer,20707,26-35,0.6931471805599453
515,53,M,marketing,49508,>50,0.6931471805599453
516,53,F,librarian,10021,>50,1.3862943611198906
517,24,M,student,55454,18-25,1.6094379124341003
518,49,F,writer,99709,36-50,1.0986122886681096
519,22,M,other,55320,18-25,0.6931471805599453
520,62,M,healthcare,12603,>50,0.6931471805599453
521,19,M,student,02146,18-25,1.0986122886681096
522,36,M,engineer,55443,36-50,0.6931471805599453
523,50,F,administrator,04102,36-50,0.6931471805599453
524,56,M,educator,02159,>50,0.6931471805599453
525,27,F,administrator,19711,26-35,0.6931471805599453
526,30,M,marketing,97124,26-35,0.6931471805599453
527,33,M,librarian,12180,26-35,0.6931471805599453
528,18,M,student,55104,<18,1.3862943611198906
529,47,F,administrator,44224,36-50,1.0986122886681096
530,29,M,engineer,94040,26-35,0.6931471805599453
531,30,F,salesman,97408,26-35,0.6931471805599453
532,20,M,student,92705,18-25,0.6931471805599453
533,43,M,librarian,02324,36-50,0.6931471805599453
534,20,M,student,05464,18-25,0.6931471805599453
535,45,F,educator,80302,36-50,0.6931471805599453
536,38,M,engineer,30078,36-50,0.6931471805599453
537,36,M,engineer,22902,36-50,1.3862943611198906
538,31,M,scientist,21010,26-35,0.6931471805599453
539,53,F,administrator,80303,>50,0.6931471805599453
540,28,M,engineer,91201,26-35,1.0986122886681096
541,19,F,student,84302,18-25,0.6931471805599453
542,21,M,student,60515,18-25,0.6931471805599453
543,33,M,scientist,95123,26-35,0.6931471805599453
544,44,F,other,29464,36-50,0.6931471805599453
545,27,M,technician,08052,26-35,0.6931471805599453
546,36,M,executive,22911,36-50,1.0986122886681096
547,50,M,educator,14534,36-50,0.6931471805599453
548,51,M,writer,95468,>50,0.6931471805599453
549,42,M,scientist,45680,36-50,0.6931471805599453
550,16,F,student,95453,<18,0.6931471805599453
551,25,M,programmer,55414,18-25,2.302585092994046
552,45,M,other,68147,36-50,0.6931471805599453
553,58,M,educator,62901,>50,1.3862943611198906
554,32,M,scientist,62901,26-35,1.3862943611198906
555,29,F,educator,23227,26-35,0.6931471805599453
556,35,F,educator,30606,26-35,0.6931471805599453
557,30,F,writer,11217,26-35,1.3862943611198906
558,56,F,writer,63132,>50,0.6931471805599453
559,69,M,executive,10022,>50,1.0986122886681096
560,32,M,student,10003,26-35,1.791759469228055
561,23,M,engineer,60005,18-25,0.6931471805599453
562,54,F,administrator,20879,>50,0.6931471805599453
563,39,F,librarian,32707,36-50,0.6931471805599453
564,65,M,retired,94591,>50,0.6931471805599453
565,40,M,student,55422,36-50,1.0986122886681096
566,20,M,student,14627,18-25,1.0986122886681096
567,24,M,entertainment,10003,18-25,1.791759469228055
568,39,M,educator,01915,36-50,0.6931471805599453
569,34,M,educator,91903,26-35,0.6931471805599453
570,26,M,educator,14627,26-35,1.0986122886681096
571,34,M,artist,01945,26-35,0.6931471805599453
572,51,M,educator,20003,>50,1.0986122886681096
573,68,M,retired,48911,>50,0.6931471805599453
574,56,M,educator,53188,>50,0.6931471805599453
575,33,M,marketing,46032,26-35,0.6931471805599453
576,48,M,executive,98281,36-50,0.6931471805599453
577,36,F,student,77845,36-50,1.0986122886681096
578,31,M,administrator,M7A1A,26-35,0.6931471805599453
579,32,M,educator,48103,26-35,1.3862943611198906
580,16,M,student,17961,<18,0.6931471805599453
581,37,M,other,94131,36-50,0.6931471805599453
582,17,M,student,93003,<18,0.6931471805599453
583,44,M,engineer,29631,36-50,0.6931471805599453
584,25,M,student,27511,18-25,0.6931471805599453
585,69,M,librarian,98501,>50,0.6931471805599453
586,20,M,student,79508,18-25,0.6931471805599453
587,26,M,other,14216,26-35,1.3862943611198906
588,18,F,student,93063,<18,0.6931471805599453
589,21,M,lawyer,90034,18-25,1.0986122886681096
590,50,M,educator,82435,36-50,0.6931471805599453
591,57,F,librarian,92093,>50,0.6931471805599453
592,18,M,student,97520,<18,0.6931471805599453
593,31,F,educator,68767,26-35,1.0986122886681096
594,46,M,educator,M4J2K,36-50,0.6931471805599453
595,25,M,programmer,31909,18-25,0.6931471805599453
596,20,M,artist,77073,18-25,0.6931471805599453
597,23,M,other,84116,18-25,0.6931471805599453
598,40,F,marketing,43085,36-50,0.6931471805599453
599,22,F,student,R3T5K,18-25,0.6931471805599453
600,34,M,programmer,02320,26-35,0.6931471805599453
601,19,F,artist,99687,18-25,0.6931471805599453
602,47,F,other,34656,36-50,0.6931471805599453
603,21,M,programmer,47905,18-25,0.6931471805599453
604,39,M,educator,11787,36-50,0.6931471805599453
605,33,M,engineer,33716,26-35,0.6931471805599453
606,28,M,programmer,63044,26-35,0.6931471805599453
607,49,F,healthcare,02154,36-50,1.0986122886681096
608,22,M,other,10003,18-25,1.791759469228055
609,13,F,student,55106,<18,1.3862943611198906
610,22,M,student,21227,18-25,0.6931471805599453
611,46,M,librarian,77008,36-50,0.6931471805599453
612,36,M,educator,79070,36-50,0.6931471805599453
613,37,F,marketing,29678,36-50,0.6931471805599453
614,54,M,educator,80227,>50,0.6931471805599453
615,38,M,educator,27705,36-50,0.6931471805599453
616,55,M,scientist,50613,>50,1.0986122886681096
617,27,F,writer,11201,26-35,0.6931471805599453
618,15,F,student,44212,<18,1.0986122886681096
619,17,M,student,44134,<18,0.6931471805599453
620,18,F,writer,81648,<18,0.6931471805599453
621,17,M,student,60402,<18,1.0986122886681096
622,25,M,programmer,14850,18-25,0.6931471805599453
623,50,F,educator,60187,36-50,0.6931471805599453
624,19,M,student,30067,18-25,1.0986122886681096
625,27,M,programmer,20723,26-35,0.6931471805599453
626,23,M,scientist,19807,18-25,0.6931471805599453
627,24,M,engineer,08034,18-25,0.6931471805599453
628,13,M,none,94306,<18,1.0986122886681096
629,46,F,other,44224,36-50,1.0986122886681096
630,26,F,healthcare,55408,26-35,1.6094379124341003
631,18,F,student,38866,<18,0.6931471805599453
632,18,M,student,55454,<18,1.6094379124341003
633,35,M,programmer,55414,26-35,2.302585092994046
634,39,M,engineer,T8H1N,36-50,1.0986122886681096
635,22,M,other,23237,18-25,0.6931471805599453
636,47,M,educator,48043,36-50,0.6931471805599453
637,30,M,other,74101,26-35,0.6931471805599453
638,45,M,engineer,01940,36-50,0.6931471805599453
639,42,F,librarian,12065,36-50,0.6931471805599453
640,20,M,student,61801,18-25,1.3862943611198906
641,24,M,student,60626,18-25,0.6931471805599453
642,18,F,student,95521,<18,0.6931471805599453
643,39,M,scientist,55122,36-50,0.6931471805599453
644,51,M,retired,63645,>50,0.6931471805599453
645,27,M,programmer,53211,26-35,1.0986122886681096
646,17,F,student,51250,<18,0.6931471805599453
647,40,M,educator,45810,36-50,0.6931471805599453
648,43,M,engineer,91351,36-50,0.6931471805599453
649,20,M,student,39762,18-25,0.6931471805599453
650,42,M,engineer,83814,36-50,1.0986122886681096
651,65,M,retired,02903,>50,0.6931471805599453
652,35,M,other,22911,26-35,1.0986122886681096
653,31,M,executive,55105,26-35,1.9459101490553132
654,27,F,student,78739,26-35,0.6931471805599453
655,50,F,healthcare,60657,36-50,0.6931471805599453
656,48,M,educator,10314,36-50,0.6931471805599453
657,26,F,none,78704,26-35,1.0986122886681096
658,33,M,programmer,92626,26-35,1.0986122886681096
659,31,M,educator,54248,26-35,0.6931471805599453
660,26,M,student,77380,26-35,0.6931471805599453
661,28,M,programmer,98121,26-35,0.6931471805599453
662,55,M,librarian,19102,>50,0.6931471805599453
663,26,M,other,19341,26-35,0.6931471805599453
664,30,M,engineer,94115,26-35,0.6931471805599453
665,25,M,administrator,55412,18-25,0.6931471805599453
666,44,M,administrator,61820,36-50,1.3862943611198906
667,35,M,librarian,01970,26-35,0.6931471805599453
668,29,F,writer,10016,26-35,1.0986122886681096
669,37,M,other,20009,36-50,1.791759469228055
670,30,M,technician,21114,26-35,1.0986122886681096
671,21,M,programmer,91919,18-25,0.6931471805599453
672,54,F,administrator,90095,>50,0.6931471805599453
673,51,M,educator,22906,>50,0.6931471805599453
674,13,F,student,55337,<18,1.791759469228055
675,34,M,other,28814,26-35,0.6931471805599453
676,30,M,programmer,32712,26-35,0.6931471805599453
677,20,M,other,99835,18-25,0.6931471805599453
678,50,M,educator,61462,36-50,0.6931471805599453
679,20,F,student,54302,18-25,0.6931471805599453
680,33,M,lawyer,90405,26-35,0.6931471805599453
681,44,F,marketing,97208,36-50,0.6931471805599453
682,23,M,programmer,55128,18-25,0.6931471805599453
683,42,M,librarian,23509,36-50,0.6931471805599453
684,28,M,student,55414,26-35,2.302585092994046
685,32,F,librarian,55409,26-35,1.3862943611198906
686,32,M,educator,26506,26-35,0.6931471805599453
687,31,F,healthcare,27713,26-35,0.6931471805599453
688,37,F,administrator,60476,36-50,0.6931471805599453
689,25,M,other,45439,18-25,0.6931471805599453
690,35,M,salesman,63304,26-35,0.6931471805599453
691,34,M,educator,60089,26-35,1.0986122886681096
692,34,M,engineer,18053,26-35,0.6931471805599453
693,43,F,healthcare,85210,36-50,0.6931471805599453
694,60,M,programmer,06365,>50,0.6931471805599453
695,26,M,writer,38115,26-35,1.0986122886681096
696,55,M,other,94920,>50,0.6931471805599453
697,25,M,other,77042,18-25,1.0986122886681096
698,28,F,programmer,06906,26-35,0.6931471805599453
699,44,M,other,96754,36-50,0.6931471805599453
700,17,M,student,76309,<18,0.6931471805599453
701,51,F,librarian,56321,>50,0.6931471805599453
702,37,M,other,89104,36-50,0.6931471805599453
703,26,M,educator,49512,26-35,1.0986122886681096
704,51,F,librarian,91105,>50,0.6931471805599453
705,21,F,student,54494,18-25,0.6931471805599453
706,23,M,student,55454,18-25,1.6094379124341003
707,56,F,librarian,19146,>50,0.6931471805599453
708,26,F,homemaker,96349,26-35,0.6931471805599453
709,21,M,other,N4T1A,18-25,0.6931471805599453
710,19,M,student,92020,18-25,0.6931471805599453
711,22,F,student,15203,18-25,0.6931471805599453
712,22,F,student,54901,18-25,0.6931471805599453
713,42,F,other,07204,36-50,0.6931471805599453
714,26,M,engineer,55343,26-35,0.6931471805599453
715,21,M,technician,91206,18-25,1.0986122886681096
716,36,F,administrator,44265,36-50,0.6931471805599453
717,24,M,technician,84105,18-25,0.6931471805599453
718,42,M,technician,64118,36-50,0.6931471805599453
719,37,F,other,V0R2H,36-50,0.6931471805599453
720,49,F,administrator,16506,36-50,0.6931471805599453
721,24,F,entertainment,11238,18-25,0.6931471805599453
722,50,F,homemaker,17331,36-50,0.6931471805599453
723,26,M,executive,94403,26-35,0.6931471805599453
724,31,M,executive,40243,26-35,0.6931471805599453
725,21,M,student,91711,18-25,1.0986122886681096
726,25,F,administrator,80538,18-25,0.6931471805599453
727,25,M,student,78741,18-25,1.0986122886681096
728,58,M,executive,94306,>50,1.0986122886681096
729,19,M,student,56567,18-25,0.6931471805599453
730,31,F,scientist,32114,26-35,0.6931471805599453
731,41,F,educator,70403,36-50,0.6931471805599453
732,28,F,other,98405,26-35,0.6931471805599453
733,44,F,other,60630,36-50,1.0986122886681096
734,25,F,other,63108,18-25,1.3862943611198906
735,29,F,healthcare,85719,26-35,0.6931471805599453
736,48,F,writer,94618,36-50,1.0986122886681096
737,30,M,programmer,98072,26-35,1.0986122886681096
738,35,M,technician,95403,26-35,0.6931471805599453
739,35,M,technician,73162,26-35,0.6931471805599453
740,25,F,educator,22206,18-25,1.0986122886681096
741,25,M,writer,63108,18-25,1.3862943611198906
742,35,M,student,29210,26-35,0.6931471805599453
743,31,M,programmer,92660,26-35,0.6931471805599453
744,35,M,marketing,47024,26-35,0.6931471805599453
745,42,M,writer,55113,36-50,1.3862943611198906
746,25,M,engineer,19047,18-25,0.6931471805599453
747,19,M,other,93612,18-25,0.6931471805599453
748,28,M,administrator,94720,26-35,0.6931471805599453
749,33,M,other,80919,26-35,0.6931471805599453
750,28,M,administrator,32303,26-35,0.6931471805599453
751,24,F,other,90034,18-25,1.0986122886681096
752,60,M,retired,21201,>50,0.6931471805599453
753,56,M,salesman,91206,>50,1.0986122886681096
754,59,F,librarian,62901,>50,1.3862943611198906
755,44,F,educator,97007,36-50,0.6931471805599453
756,30,F,none,90247,26-35,0.6931471805599453
757,26,M,student,55104,26-35,1.3862943611198906
758,27,M,student,53706,26-35,1.0986122886681096
759,20,F,student,68503,18-25,0.6931471805599453
760,35,F,other,14211,26-35,0.6931471805599453
761,17,M,student,97302,<18,0.6931471805599453
762,32,M,administrator,95050,26-35,0.6931471805599453
763,27,M,scientist,02113,26-35,0.6931471805599453
764,27,F,educator,62903,26-35,0.6931471805599453
765,31,M,student,33066,26-35,0.6931471805599453
766,42,M,other,10960,36-50,1.0986122886681096
767,70,M,engineer,00000,>50,1.0986122886681096
768,29,M,administrator,12866,26-35,0.6931471805599453
769,39,M,executive,06927,36-50,0.6931471805599453
770,28,M,student,14216,26-35,1.3862943611198906
771,26,M,student,15232,26-35,0.6931471805599453
772,50,M,writer,27105,36-50,0.6931471805599453
773,20,M,student,55414,18-25,2.302585092994046
774,30,M,student,80027,26-35,0.6931471805599453
775,46,M,executive,90036,36-50,0.6931471805599453
776,30,M,librarian,51157,26-35,0.6931471805599453
777,63,M,programmer,01810,>50,1.0986122886681096
778,34,M,student,01960,26-35,0.6931471805599453
779,31,M,student,K7L5J,26-35,0.6931471805599453
780,49,M,programmer,94560,36-50,0.6931471805599453
781,20,M,student,48825,18-25,0.6931471805599453
782,21,F,artist,33205,18-25,0.6931471805599453
783,30,M,marketing,77081,26-35,0.6931471805599453
784,47,M,administrator,91040,36-50,0.6931471805599453
785,32,M,engineer,23322,26-35,0.6931471805599453
786,36,F,engineer,01754,36-50,0.6931471805599453
787,18,F,student,98620,<18,0.6931471805599453
788,51,M,administrator,05779,>50,0.6931471805599453
789,29,M,other,55420,26-35,0.6931471805599453
790,27,M,technician,80913,26-35,0.6931471805599453
791,31,M,educator,20064,26-35,0.6931471805599453
792,40,M,programmer,12205,36-50,0.6931471805599453
793,22,M,student,85281,18-25,0.6931471805599453
794,32,M,educator,57197,26-35,0.6931471805599453
795,30,M,programmer,08610,26-35,0.6931471805599453
796,32,F,writer,33755,26-35,0.6931471805599453
797,44,F,other,62522,36-50,0.6931471805599453
798,40,F,writer,64131,36-50,0.6931471805599453
799,49,F,administrator,19716,36-50,0.6931471805599453
800,25,M,programmer,55337,18-25,1.791759469228055
801,22,M,writer,92154,18-25,0.6931471805599453
802,35,M,administrator,34105,26-35,0.6931471805599453
803,70,M,administrator,78212,>50,1.0986122886681096
804,39,M,educator,61820,36-50,1.3862943611198906
805,27,F,other,20009,26-35,1.791759469228055
806,27,M,marketing,11217,26-35,1.3862943611198906
807,41,F,healthcare,93555,36-50,1.0986122886681096
808,45,M,salesman,90016,36-50,0.6931471805599453
809,50,F,marketing,30803,36-50,0.6931471805599453
810,55,F,other,80526,>50,1.0986122886681096
811,40,F,educator,73013,36-50,0.6931471805599453
812,22,M,technician,76234,18-25,0.6931471805599453
813,14,F,student,02136,<18,0.6931471805599453
814,30,M,other,12345,26-35,0.6931471805599453
815,32,M,other,28806,26-35,0.6931471805599453
816,34,M,other,20755,26-35,1.0986122886681096
817,19,M,student,60152,18-25,0.6931471805599453
818,28,M,librarian,27514,26-35,1.6094379124341003
819,59,M,administrator,40205,>50,0.6931471805599453
820,22,M,student,37725,18-25,0.6931471805599453
821,37,M,engineer,77845,36-50,1.0986122886681096
822,29,F,librarian,53144,26-35,0.6931471805599453
823,27,M,artist,50322,26-35,0.6931471805599453
824,31,M,other,15017,26-35,0.6931471805599453
825,44,M,engineer,05452,36-50,0.6931471805599453
826,28,M,artist,77048,26-35,0.6931471805599453
827,23,F,engineer,80228,18-25,0.6931471805599453
828,28,M,librarian,85282,26-35,1.0986122886681096
829,48,M,writer,80209,36-50,0.6931471805599453
830,46,M,programmer,53066,36-50,0.6931471805599453
831,21,M,other,33765,18-25,0.6931471805599453
832,24,M,technician,77042,18-25,1.0986122886681096
833,34,M,writer,90019,26-35,0.6931471805599453
834,26,M,other,64153,26-35,0.6931471805599453
835,44,F,executive,11577,36-50,0.6931471805599453
836,44,M,artist,10018,36-50,0.6931471805599453
837,36,F,artist,55409,36-50,1.3862943611198906
838,23,M,student,01375,18-25,0.6931471805599453
839,38,F,entertainment,90814,36-50,0.6931471805599453
840,39,M,artist,55406,36-50,1.0986122886681096
841,45,M,doctor,47401,36-50,0.6931471805599453
842,40,M,writer,93055,36-50,0.6931471805599453
843,35,M,librarian,44212,26-35,1.0986122886681096
844,22,M,engineer,95662,18-25,0.6931471805599453
845,64,M,doctor,97405,>50,0.6931471805599453
846,27,M,lawyer,47130,26-35,0.6931471805599453
847,29,M,student,55417,26-35,0.6931471805599453
848,46,M,engineer,02146,36-50,1.0986122886681096
849,15,F,student,25652,<18,0.6931471805599453
850,34,M,technician,78390,26-35,0.6931471805599453
851,18,M,other,29646,<18,0.6931471805599453
852,46,M,administrator,94086,36-50,1.0986122886681096
853,49,M,writer,40515,36-50,0.6931471805599453
854,29,F,student,55408,26-35,1.6094379124341003
855,53,M,librarian,04988,>50,0.6931471805599453
856,43,F,marketing,97215,36-50,0.6931471805599453
857,35,F,administrator,V1G4L,26-35,0.6931471805599453
858,63,M,educator,09645,>50,0.6931471805599453
859,18,F,other,06492,<18,0.6931471805599453
860,70,F,retired,48322,>50,0.6931471805599453
861,38,F,student,14085,36-50,0.6931471805599453
862,25,M,executive,13820,18-25,0.6931471805599453
863,17,M,student,60089,<18,1.0986122886681096
864,27,M,programmer,63021,26-35,0.6931471805599453
865,25,M,artist,11231,18-25,1.0986122886681096
866,45,M,other,60302,36-50,0.6931471805599453
867,24,M,scientist,92507,18-25,0.6931471805599453
868,21,M,programmer,55303,18-25,0.6931471805599453
869,30,M,student,10025,26-35,1.0986122886681096
870,22,M,student,65203,18-25,0.6931471805599453
871,31,M,executive,44648,26-35,0.6931471805599453
872,19,F,student,74078,18-25,0.6931471805599453
873,48,F,administrator,33763,36-50,0.6931471805599453
874,36,M,scientist,37076,36-50,0.6931471805599453
875,24,F,student,35802,18-25,0.6931471805599453
876,41,M,other,20902,36-50,0.6931471805599453
877,30,M,other,77504,26-35,0.6931471805599453
878,50,F,educator,98027,36-50,1.0986122886681096
879,33,F,administrator,55337,26-35,1.791759469228055
880,13,M,student,83702,<18,1.0986122886681096
881,39,M,marketing,43017,36-50,0.6931471805599453
882,35,M,engineer,40503,26-35,0.6931471805599453
883,49,M,librarian,50266,36-50,0.6931471805599453
884,44,M,engineer,55337,36-50,1.791759469228055
885,30,F,other,95316,26-35,0.6931471805599453
886,20,M,student,61820,18-25,1.3862943611198906
887,14,F,student,27249,<18,0.6931471805599453
888,41,M,scientist,17036,36-50,0.6931471805599453
889,24,M,technician,78704,18-25,1.0986122886681096
890,32,M,student,97301,26-35,1.3862943611198906
891,51,F,administrator,03062,>50,0.6931471805599453
892,36,M,other,45243,36-50,0.6931471805599453
893,25,M,student,95823,18-25,0.6931471805599453
894,47,M,educator,74075,36-50,0.6931471805599453
895,31,F,librarian,32301,26-35,1.0986122886681096
896,28,M,writer,91505,26-35,0.6931471805599453
897,30,M,other,33484,26-35,0.6931471805599453
898,23,M,homemaker,61755,18-25,1.0986122886681096
899,32,M,other,55116,26-35,1.0986122886681096
900,60,M,retired,18505,>50,0.6931471805599453
901,38,M,executive,L1V3W,36-50,0.6931471805599453
902,45,F,artist,97203,36-50,0.6931471805599453
903,28,M,educator,20850,26-35,0.6931471805599453
904,17,F,student,61073,<18,0.6931471805599453
905,27,M,other,30350,26-35,0.6931471805599453
906,45,M,librarian,70124,36-50,0.6931471805599453
907,25,F,other,80526,18-25,1.0986122886681096
908,44,F,librarian,68504,36-50,0.6931471805599453
909,50,F,educator,53171,36-50,0.6931471805599453
910,28,M,healthcare,29301,26-35,0.6931471805599453
911,37,F,writer,53210,36-50,0.6931471805599453
912,51,M,other,06512,>50,0.6931471805599453
913,27,M,student,76201,26-35,0.6931471805599453
914,44,F,other,08105,36-50,0.6931471805599453
915,50,M,entertainment,60614,36-50,0.6931471805599453
916,27,M,engineer,N2L5N,26-35,0.6931471805599453
917,22,F,student,20006,18-25,0.6931471805599453
918,40,M,scientist,70116,36-50,0.6931471805599453
919,25,M,other,14216,18-25,1.3862943611198906
920,30,F,artist,90008,26-35,0.6931471805599453
921,20,F,student,98801,18-25,0.6931471805599453
922,29,F,administrator,21114,26-35,1.0986122886681096
923,21,M,student,E2E3R,18-25,0.6931471805599453
924,29,M,other,11753,26-35,0.6931471805599453
925,18,F,salesman,49036,<18,0.6931471805599453
926,49,M,entertainment,01701,36-50,0.6931471805599453
927,23,M,programmer,55428,18-25,0.6931471805599453
928,21,M,student,55408,18-25,1.6094379124341003
929,44,M,scientist,53711,36-50,1.0986122886681096
930,28,F,scientist,07310,26-35,0.6931471805599453
931,60,M,educator,33556,>50,0.6931471805599453
932,58,M,educator,06437,>50,0.6931471805599453
933,28,M,student,48105,26-35,0.6931471805599453
934,61,M,engineer,22902,>50,1.3862943611198906
935,42,M,doctor,66221,36-50,0.6931471805599453
936,24,M,other,32789,18-25,0.6931471805599453
937,48,M,educator,98072,36-50,1.0986122886681096
938,38,F,technician,55038,36-50,0.6931471805599453
939,26,F,student,33319,26-35,0.6931471805599453
940,32,M,administrator,02215,26-35,1.3862943611198906
941,20,M,student,97229,18-25,0.6931471805599453
942,48,F,librarian,78209,36-50,0.6931471805599453
943,22,M,student,77841,18-25,0.6931471805599453
