user_id,mean_rating,std_rating,rating_count,z_score,pattern_score,outlier_score
1,3.6387832699619773,1.239743279640464,263,0.0856034174236081,,
2,3.7666666666666666,0.9806028354558002,60,0.38238220389689015,0.8051330798479088,0.5937576418723995
3,2.7962962962962963,1.2190257419794979,54,-1.869554704012812,0.5013888888888889,1.1854717964508503
5,2.905325443786982,1.3506726875642718,169,-1.6165309423964163,,
6,3.6350710900473935,1.0394606521187284,211,0.07698856765726399,0.8837278106508876,0.4803581891540758
7,3.979591836734694,1.0581999079818916,392,0.8765172926631808,0.6074249605055293,0.741971126584355
8,3.7966101694915255,1.242628762729949,59,0.4518720412026822,0.6855017006802722,0.5686868709414772
10,4.208791208791209,0.585581517016597,182,1.4084198949724336,,
11,3.4640883977900554,0.9339776781345096,181,-0.31981068246936906,0.4184065934065934,0.3691086379379812
12,4.392156862745098,0.7766191182954232,51,1.8339562637551658,0.611049723756906,1.2225029937560359
13,3.1748726655348047,1.3893350557096242,589,-0.9909931522774109,0.40784313725490196,0.6994181447661565
14,4.092783505154639,1.041658075565947,97,1.1392010096912064,0.8099320882852292,0.9745665489882178
15,2.8627450980392157,1.350021750365853,102,-1.7153470800989234,0.7376288659793816,1.2264879730391525
16,4.328571428571428,1.0418775052128004,140,1.6863936522066518,0.9527777777777778,1.3195857149922148
18,3.889705882352941,0.8475952013506943,272,0.6679191075210492,,
20,3.1041666666666665,1.1529718000155968,48,-1.1550804464937512,,
21,2.7425149700598803,1.330658283763357,167,-1.994364938544078,0.8302083333333333,1.4122866359387056
22,3.388888888888889,1.4749764593225052,126,-0.4943260579610855,0.7611776447105789,0.6277518513358322
23,3.64,0.9573453228141314,150,0.08842708080333406,0.9343915343915344,0.5114093075974342
24,4.323529411764706,0.8184655550441197,68,1.674692652171968,0.6184444444444444,1.1465685483082062
25,4.051282051282051,0.6220501482568643,78,1.0428886545726952,0.49901960784313754,0.7709541312079163
26,2.94392523364486,0.8559643761425944,107,-1.5269524741406961,0.3923076923076923,0.9596300832241942
28,3.721518987341772,0.9599239935290751,79,0.27760805942317063,,
29,3.6470588235294117,0.8835998319950068,34,0.10480848085189091,0.6786919831223628,0.39175023198712683
30,3.7674418604651163,0.9961164901835046,43,0.38418119485829527,0.49215686274509807,0.43816902880169667
31,3.9166666666666665,0.9673232581274399,36,0.7304869549287333,0.47441860465116276,0.602452779789948
32,3.317073170731707,0.9066152544007823,41,-0.6609886758896105,0.6870370370370369,0.6740128564633237
37,3.6607142857142856,0.9959332893739001,56,0.13649868927915945,,
38,3.711864406779661,1.6018242533818416,118,0.25520269033723353,0.6776785714285715,0.4664406308829025
40,2.8857142857142857,0.9631879839558708,35,-1.662042524385364,,
41,3.769230769230769,0.8072073527955749,52,0.38833271246153706,0.6761904761904763,0.5322615943260067
42,3.7362637362637363,1.0599193635039956,182,0.31182617377322014,0.5932692307692308,0.4525477022712254
43,3.7104072398190047,1.01682675593422,221,0.25182104539022643,0.7112637362637364,0.4815423908269814
44,3.6490066225165565,1.0013236273166217,151,0.10932873472842505,0.6402714932126696,0.37480011397054736
45,3.6041666666666665,0.9165054661613024,48,0.005268723612393079,0.6738410596026491,0.33955489160752106
48,3.7846153846153845,1.0531546018437252,65,0.42403576384941827,,
49,2.6844660194174756,1.2658560995205363,206,-2.1290790419509715,0.7102564102564103,1.419667726103691
52,4.267857142857143,0.7259118761585679,56,1.5454941101223358,,
54,3.6923076923076925,1.1445943184579215,65,0.20981745552213088,,
56,3.641711229946524,0.9361171590769882,187,0.0923983292999535,,
57,3.5047619047619047,1.0295985917207056,105,-0.2254197423491853,0.5749554367201427,0.400187589534664
58,3.87248322147651,1.2096939003263798,149,0.6279505070110762,0.6149206349206349,0.6214355709658556
59,3.9342105263157894,1.061878734285087,380,0.77120096089737,0.7606263982102908,0.7659136795538304
60,4.083743842364532,0.6354866953753041,203,1.1182226792581267,0.7196491228070176,0.9189359010325722
62,3.3,1.1181316293761452,230,-0.7006103548688447,,
63,3.130434782608696,0.9858046448956074,92,-1.09412007342658,0.7304347826086957,0.9122774280176378
64,3.577889447236181,0.996313187463831,199,-0.0557127759053291,0.6530797101449276,0.35439624302512834
65,3.9375,0.8907932746871455,80,0.7788348370164896,0.649748743718593,0.7142917903675413
66,3.473684210526316,1.032887375280686,38,-0.29754169577934125,0.5666666666666667,0.432104181223004
67,3.7666666666666666,0.897634182970313,30,0.38238220389689015,0.7394736842105264,0.5609279440537083
68,3.0294117647058822,1.604638996834001,34,-1.3285640233968756,0.5411111111111111,0.9348375672539934
69,3.828125,1.0624124613798724,64,0.5250084560557705,1.0269607843137254,0.775984620184748
70,3.4728682170542635,0.8204183325048737,129,-0.29943537047555735,0.7013020833333333,0.5003687269044453
71,3.789473684210526,1.0438466993391293,38,0.43531041165611745,0.47093023255813954,0.4531203221071285
72,3.8161764705882355,1.055512555023689,136,0.497279523681911,0.7885964912280702,0.6429380074549906
73,3.727272727272727,1.1575232783232223,66,0.2909607541309512,0.5897058823529411,0.4403333182419461
74,3.641025641025641,0.7066294900210021,39,0.09080728422919239,0.6454545454545455,0.36813091484186894
75,3.2857142857142856,1.3655261455334122,77,-0.7337631883004487,0.5217948717948718,0.6277790300476602
76,3.576923076923077,1.134113656656063,78,-0.05795542988697942,0.9088744588744588,0.48341494438071914
77,3.611111111111111,1.2051013113340427,72,0.021384684308312207,0.6391025641025642,0.3302436242054382
79,4.0,1.0363754503432014,55,0.9238784832797576,,
81,3.293103448275862,1.108319744377666,58,-0.7166151710082393,,
82,3.096969696969697,1.180245129686752,165,-1.1717824421240661,0.7232758620689655,0.9475291520965159
83,3.4220779220779223,1.1247801094178627,154,-0.41730432372604503,0.5494949494949495,0.48339963661049723
84,3.8529411764705883,0.7967228751402394,68,0.5825993156014801,0.5595238095238095,0.5710615625626448
85,3.5422535211267605,0.8161206125492978,284,-0.13841301047938867,0.5264705882352942,0.33244179935734147
87,3.823529411764706,0.9033246169914261,204,0.5143434820658248,,
89,4.0394736842105265,1.1482251750556502,76,1.0154849967091906,,
90,4.219178082191781,0.9305295442824822,292,1.4325246948331358,0.8293859649122807,1.1309553298727082
91,3.8877551020408165,1.0342849819768114,98,0.6633919348885828,0.6323630136986301,0.6478774742936064
92,3.25,0.9748803233774987,384,-0.8166452718794588,0.7420068027210884,0.7793260373002736
94,3.6649874055415617,1.0106045357204552,397,0.14641531136984726,,
95,3.422382671480144,1.125432650198766,277,-0.41659709229412795,0.5586481947942906,0.48762264354420926
96,4.267857142857143,0.9437078020152295,56,1.5454941101223358,0.7021058965102287,1.1238000033162823
97,4.158730158730159,1.1388498613322242,63,1.292243299186471,0.6142857142857142,0.9532645067360925
99,3.551470588235294,1.0942262812983865,136,-0.11702297813898985,,
100,3.1132075471698113,1.0499153328225048,53,-1.1340992901160454,0.7123774509803921,0.9232383705482188
101,2.8955223880597014,0.8727235036855142,67,-1.6392808775517254,0.7858490566037737,1.2125649670777494
102,2.615740740740741,0.7443007690427226,216,-2.2885696821066968,0.46492537313432836,1.3767475276205126
104,2.6818181818181817,1.1488471938842635,110,-2.135223874272805,,
106,3.761904761904762,0.7119778384165572,63,0.37133125941968886,,
108,3.5757575757575757,0.9692233691951199,33,-0.06066020650727402,,
109,3.4401709401709404,1.13784374264273,234,-0.37531588666814697,0.6348484848484848,0.5050821857583159
110,3.0697674418604652,0.8586512544358076,129,-1.234910670406092,0.7476495726495725,0.9912801215278322
112,3.7045454545454546,1.0907549221577766,44,0.23821761003521794,,
113,3.693877551020408,1.1218303799418807,49,0.2134606240310976,0.7757575757575755,0.49460909989433655
114,3.574468085106383,0.9027658190025233,47,-0.0636527253212166,0.6615646258503403,0.3626086755857784
115,3.9347826086956523,1.1748682210516532,92,0.7725285915267827,0.5677304964539006,0.6701295439903416
116,3.051470588235294,0.9685411170543234,136,-1.2773721482451341,0.7577898550724637,1.017581001658799
117,3.9186046511627906,1.0314480543969673,86,0.7349844323322454,0.5829656862745098,0.6589750593033776
118,4.661971830985915,0.7548635065234545,71,2.4601154127160605,0.6635658914728682,1.5618406520944643
119,3.9597701149425286,1.0220640761464617,174,0.8305170557999526,0.3460093896713615,0.588263222735657
121,3.608108108108108,1.332600378573582,74,0.014415620223590005,,
122,3.9836065573770494,0.9745392634246627,61,0.8858342481943108,0.7078828828828829,0.7968585655385969
123,3.8518518518518516,1.1058576012497219,54,0.5800713217668255,0.7251366120218581,0.6526039668943417
125,3.4719101123595504,1.2895923031170529,178,-0.30165884245032776,,
126,3.4651162790697674,1.1618711757395466,43,-0.31742528008960613,0.820692883895131,0.5690590819923685
128,3.6538461538461537,1.0169619681723019,182,0.12055982705242675,,
129,2.6,1.1626367179523596,30,-2.3250991930174463,0.7210622710622712,1.5230807320398587
130,3.994219653179191,0.9720565965904212,346,0.9104640420068546,0.6283333333333333,0.769398687670094
131,4.133333333333334,1.0416609195243756,30,1.233304928641397,0.6809248554913294,0.9571148920663632
135,3.381818181818182,0.7815205760403309,55,-0.5107350361242026,,
136,4.3428571428571425,0.72529333387814,35,1.7195464856382559,0.3766666666666667,1.0481065761524613
137,4.319148936170213,1.1054486199045361,47,1.664526889730488,0.5233333333333333,1.0939301115319107
138,4.2745098039215685,0.6656855525711526,51,1.5609329296125425,0.6794326241134752,1.1201827768630088
141,3.4339622641509435,1.3453189950946374,106,-0.38972435080266954,,
142,3.6363636363636362,1.1942095141290592,33,0.07998817774801607,0.8430817610062893,0.46153496937715266
144,3.6731707317073172,0.952557030932208,205,0.16540634282013197,,
145,3.3947368421052633,1.2828284278904398,304,-0.48075472263820623,0.6094308943089431,0.5450928084735747
148,4.0,1.2747548783981961,65,0.9238784832797576,,
149,2.8857142857142857,1.1316679145878277,35,-1.662042524385364,0.8812820512820513,1.2716622878337076
150,3.84375,1.0194677612014182,32,0.5612693676215875,0.6561904761904761,0.6087299219060318
151,3.9967105263157894,1.0451786376382266,304,0.916244607160638,0.6296875,0.772966053580319
152,4.3173076923076925,0.9977102238696564,104,1.6602539181548113,0.705482456140351,1.182868187147581
154,3.9607843137254903,0.8935498713272918,51,0.8328707052322173,,
156,3.72972972972973,0.8044545649986374,37,0.296662715654815,,
157,3.76,1.2381684960011687,50,0.3669108816288079,0.5554054054054055,0.4611581435171067
158,3.807017543859649,1.0077102143776206,171,0.4760244176247542,0.7480000000000001,0.6120122088123772
159,3.4285714285714284,1.350620533005412,105,-0.40223485398440767,0.6549707602339181,0.5286028071091629
160,3.9159663865546217,1.0132999617190772,119,0.7288618160350272,0.8395238095238096,0.7841928127794184
161,2.5517241379310347,1.1265910977423892,58,-2.4371329059932116,0.6621848739495798,1.5496588899713957
162,3.5952380952380953,0.7344991261521245,42,-0.015451797282358909,0.8120689655172414,0.41376038139980015
164,4.126984126984127,0.9586964182287471,63,1.2185703360051285,,
165,4.0,0.8709883407113853,30,0.9238784832797576,0.6341269841269842,0.7790027337033709
167,3.45,1.4192979883241632,60,-0.35250560383700064,,
168,3.3333333333333335,1.4002800840280096,69,-0.6232537435284344,1.048611111111111,0.8359324273197727
169,3.972972972972973,0.9856325235459062,37,0.861156906517263,1.0642512077294686,0.9627040571233658
173,4.209302325581396,0.8326131993647277,43,1.4096060428590746,,
174,3.5632183908045976,1.5816955081030817,174,-0.08975987221526525,0.5379844961240311,0.3138721841696482
175,3.736842105263158,1.1314714296070714,38,0.31316839375020816,0.6637931034482759,0.48848074859924207
176,3.7096774193548385,1.046259485323453,62,0.25012735225038313,0.7092105263157894,0.4796689392830863
177,3.617391304347826,0.9874884738003954,115,0.035959118328968954,0.7333333333333332,0.38464622583115105
178,3.6826568265682655,0.9481140872999193,271,0.18742070741903105,0.5728985507246377,0.38015962907183437
179,3.1025641025641026,1.6188831724512687,39,-1.158799514346655,0.6034440344403446,0.8811217743934998
180,3.9365079365079363,1.305979003351149,63,0.7765325569170721,1.173931623931624,0.9752320904243481
181,1.6411042944785277,0.9198816018362824,326,-4.550406865257819,0.9486772486772488,2.7495420569675337
183,3.188679245283019,1.0010879422981802,53,-0.9589522455717219,,
184,3.669387755102041,0.8303179525389442,245,0.15662719529120517,0.5229559748427673,0.33979158506698626
185,4.041666666666667,0.7133479152748331,48,1.0205742474552704,0.5127891156462585,0.7666816815507644
186,3.471264367816092,1.2088730140840682,87,-0.3031574207405329,0.3666666666666667,0.33491204370359984
187,4.071428571428571,0.9116846116771036,56,1.0896426504377776,0.7521072796934865,0.920874965065632
188,3.7837837837837838,0.9667697423087539,111,0.4221058691798033,0.6229166666666666,0.5225112679232349
189,3.9782608695652173,1.0811677644352353,184,0.873428519362099,0.6430930930930931,0.7582608062275961
190,3.3220338983050848,0.9903095643857286,59,-0.6494763236438278,0.7192028985507247,0.6843396110972763
192,3.4705882352941178,1.0797107951065037,34,-0.30472652036204195,,
193,3.158333333333333,1.1151804566886885,120,-1.0293759530655855,0.7093137254901961,0.8693448392778909
194,2.9800664451827243,1.0196084193962178,301,-1.4430796245115132,0.6840277777777778,1.0635537011446454
195,3.3555555555555556,0.9978753959626749,90,-0.5716826693014948,0.6141749723145072,0.592928820808001
196,3.6315789473684212,1.024590956789097,38,0.06888435793838861,0.5142592592592592,0.2915718085988239
197,3.358974358974359,1.213867703277836,117,-0.5637486578819657,0.7083333333333331,0.6360409956076494
198,3.276243093922652,0.9723620876329611,181,-0.7557429673711253,0.7720797720797722,0.7639113697254487
199,3.0,1.5768596914394404,38,-1.396819856932531,0.6113259668508287,1.0040729118916798
200,4.032407407407407,0.8593484501810636,216,0.9990862998607115,0.9311403508771932,0.9651133253689523
201,3.056451612903226,1.0381074893176738,372,-1.2658126925657078,0.5031635802469135,0.8844881364063106
203,3.4186046511627906,1.0518138106902781,43,-0.4253647377738988,,
204,3.4523809523809526,1.3471266794032573,42,-0.34698013159839997,0.7093023255813954,0.5281412285898976
206,2.3962264150943398,1.5107260435034522,53,-2.79799621328712,,
207,3.239819004524887,0.8265195173414099,221,-0.8402722911802626,0.9279874213836479,0.8841298562819553
208,3.787878787878788,1.0234004518508308,33,0.4316091383862423,0.5752639517345399,0.5034365450603911
209,3.15625,1.2471742253538987,32,-1.0342107412743609,0.7202020202020202,0.8772063807381905
210,4.0606060606060606,0.8173460660691491,132,1.0645268675350477,0.8552083333333333,0.9598676004341905
211,3.1944444444444446,1.1419142936176312,36,-0.9455729574468077,0.5650252525252526,0.7552991049860301
213,4.23015873015873,0.868678982480395,126,1.4580074663444909,,
214,3.8984375,0.830897851819031,128,0.6881825581019471,0.566005291005291,0.627093924553619
215,3.774193548387097,0.8862357162406244,93,0.39984982581246714,0.2916666666666667,0.3457582462395669
216,3.801526717557252,1.0032243964663623,131,0.4632818661383871,0.5659498207885305,0.5146158434634588
217,2.960526315789474,1.3802491511673702,76,-1.488426370361963,0.6010178117048347,1.0447220910333987
218,3.6037735849056602,0.8166446982225368,53,0.004356499422058093,0.9826754385964914,0.49351596900927475
221,3.6319444444444446,0.8908747000323507,144,0.06973256639606856,,
222,3.063324538258575,1.1891042058565342,379,-1.2498627061011458,0.5513888888888889,0.9006257974950174
223,3.0588235294117645,1.296022318379554,102,-1.2603081898612203,0.7951187335092349,1.0277134616852277
224,3.0,1.1114378604524224,137,-1.396819856932531,0.8763071895424839,1.1365635232375073
226,3.8,0.9258200997725513,50,0.45973881523729954,,
227,3.4482758620689653,1.0624766464818975,58,-0.35650680787185035,0.6313333333333334,0.4939200706025919
229,2.7333333333333334,1.4605934866804429,30,-2.015672747655808,,
230,3.8496240601503757,1.1381553430315516,133,0.5749012892628717,0.785,0.6799506446314358
232,3.903225806451613,0.8976359789085642,93,0.6992947729366331,,
233,4.345454545454546,0.7948961461952309,110,1.7255742735349124,0.6627240143369176,1.194149143935915
234,3.1176470588235294,0.9281224225063903,442,-1.1237965227899087,0.43303030303030315,0.7784134129101059
235,3.9782608695652173,0.8383429609713582,92,0.873428519362099,0.6242458521870285,0.7488371857745637
236,3.4672131147540983,1.1796093079897274,122,-0.31255915699728143,0.5545289855072465,0.43354407125226396
237,4.145833333333333,0.6838434352771336,48,1.262313657894049,0.8512295081967214,1.0567715830453852
239,4.2215189873417724,1.2549185662493958,158,1.437957229529316,,
243,3.688311688311688,0.8153097612780495,77,0.200543935681122,,
244,3.6440677966101696,1.0720862439808643,236,0.09786720964487541,0.4512987012987013,0.27458295547178835
246,2.94300518134715,1.3196690261253692,193,-1.5290876379809002,,
248,3.5714285714285716,1.1886913026463235,56,-0.07070651966836558,,
249,4.105590062111801,0.8631518150943213,161,1.1689211651655274,0.875297619047619,1.0221093921065731
250,3.7768595041322315,1.060562769679264,121,0.4060367048852802,0.505072463768116,0.4555545843266981
251,3.792207792207792,0.9224917962502479,77,0.4416554515473339,0.6836088154269974,0.5626321334871656
253,3.9895833333333335,0.956911607496431,96,0.89970454223588,,
254,3.0641025641025643,1.0266103773253479,156,-1.248057142816358,0.5510416666666668,0.8995494047415125
255,2.5421686746987953,1.3187318818015772,83,-2.459308253656229,0.6588675213675214,1.5590878875118752
256,3.9950738916256157,0.9465808033576821,203,0.9124464717516181,0.9548192771084337,0.933632874430026
257,4.09433962264151,0.9043516790283486,53,1.1428122889601626,0.6207717569786536,0.8817920229694081
259,3.869565217391304,0.7777087616032085,46,0.6211786997738067,,
262,3.16875,0.8258548077731415,160,-1.005202012021707,,
263,4.040983606557377,0.9991528724569387,122,1.0189890709933769,0.5169791666666667,0.7679841188300218
264,4.275862068965517,0.9563172740443843,116,1.5640711288555607,0.6075136612021859,1.0857923950288733
265,3.5652173913043477,1.1284635358268433,46,-0.08512079507341165,0.6633620689655173,0.37424143201946447
267,3.9508196721311477,0.8788021850735248,183,0.809745778023416,,
268,2.9626168224299065,1.0948050652244545,321,-1.483574935071308,0.5111111111111111,0.9973430230912096
269,3.006309148264984,1.414199444449709,317,-1.382178227025829,0.633748701973001,1.007963464499415
270,4.330882352941177,0.9966993458694778,136,1.691756610555883,0.7886435331230284,1.2402000718394557
271,3.588447653429603,1.001960094397178,277,-0.031210364316635656,0.6870098039215686,0.35911008411910217
272,4.38,0.8302937763840222,50,1.805743852560427,0.6116726835138387,1.2087082680371328
274,4.056338028169014,0.9839762474436049,71,1.0546220517424216,,
275,3.1157894736842104,0.5989913133802852,95,-1.1281074175395294,0.5955399061032863,0.8618236618214079
276,3.508,0.993937535083214,500,-0.2179051001046883,0.3975438596491229,0.3077244798769056
277,3.5,0.8411582311380665,54,-0.23647068682638664,0.6041666666666667,0.4203186767465267
279,3.29923273657289,1.1832048718509074,391,-0.7023909418306437,,
280,3.574803149606299,1.002129629882709,254,-0.06287514169239686,0.8196504688832055,0.44126280528780115
283,4.173076923076923,0.7851852247107507,52,1.3255378113934235,,
284,3.5531914893617023,0.8024015756599975,47,-0.1130292857512646,0.46698717948717944,0.29000823261922204
285,3.9375,0.8400268812903089,32,0.7788348370164896,0.4946808510638298,0.6367578440401597
286,3.7025089605734767,1.1572546335141294,279,0.23349152185459646,0.5260416666666666,0.37976659426063153
287,4.112903225806452,1.0259715700799774,62,1.185892812013404,0.7551373954599762,0.9705151037366901
288,3.864864864864865,1.2086936718818548,74,0.6102705994672863,0.7233870967741937,0.6668288481207401
290,3.3533333333333335,0.9132629506348308,150,-0.5768397767241886,,
291,3.7077464788732395,1.0411039223804888,284,0.24564622187968752,0.5855555555555555,0.4156008887176215
292,4.225806451612903,0.8048502327724151,124,1.447907140747048,0.6551643192488262,1.051535729997937
293,3.0338541666666665,1.0428920121048473,384,-1.3182545485399277,0.481989247311828,0.9001218979258778
294,3.469798657718121,0.9554753096210721,149,-0.3065588917321269,0.5946614583333334,0.45061017503273015
295,4.237113402061856,0.7921008450515448,194,1.4741471618867952,0.5766219239373602,1.0253845429120778
296,4.171232876712328,1.188215637233764,146,1.3212583360558334,0.46761168384879725,0.8944350099523153
297,3.442105263157895,1.0711788440055976,190,-0.37082690652288747,0.7170091324200913,0.5439180194714894
298,4.0396825396825395,0.8138873990993464,126,1.0159696872564354,0.732719298245614,0.8743444927510247
299,3.4851851851851854,0.8990716830317365,270,-0.27085140297767935,0.5451058201058202,0.40797861154174975
301,3.5272727272727273,0.9713889794701017,275,-0.1731789139115059,,
303,3.393684210526316,1.2198957663084742,475,-0.48319756299632455,,
305,3.414746543778802,1.0858364480638965,217,-0.4343182411762817,,
306,3.7333333333333334,1.0148325268098497,30,0.3050255925564808,0.7262672811059907,0.5156464368312358
307,3.794642857142857,1.032258023972993,112,0.4473065027004485,0.6344444444444443,0.5408754735724464
308,3.7570332480818416,0.771143271413021,391,0.3600259453765165,0.5279761904761905,0.4440010679263535
311,3.7945205479452055,0.868840584788512,292,0.44702265994846563,,
312,4.378995433789954,0.9225597094011022,219,1.80341255742414,0.6220890410958906,1.2127507992600153
313,3.6053639846743293,0.9851834862709505,261,0.008047337525482336,0.6452815829528158,0.3266644602391491
314,3.676595744680851,1.1646893070828364,235,0.17335476474301748,0.5750319284802043,0.3741933466116109
315,4.011494252873563,0.9337876467123739,87,0.9505531768454153,0.8236170212765958,0.8870850990610055
316,3.36,1.4392190074312354,75,-0.5613684544561073,0.5919540229885057,0.5766612387223065
318,3.7109826589595376,1.0330276481249483,173,0.2531564196345876,,
320,3.723684210526316,0.8472578942398176,152,0.28263288927373087,,
321,3.7338709677419355,0.7447253104960008,124,0.30627327983616476,0.5178728070175439,0.41207304342685436
322,4.176470588235294,0.8415671655415552,51,1.3334134844936916,0.5138440860215054,0.9236287852575985
323,3.6179775280898876,0.959469763339107,89,0.037319566794164157,0.47908496732026146,0.25820226705721283
324,4.348484848484849,0.8132068379602827,66,1.7326066927476766,0.5649812734082398,1.148793983077958
325,3.4100719424460433,1.1281185416711055,139,-0.44516658073036913,0.5520202020202021,0.4985933913752856
326,3.3262032085561497,1.2117294231978575,187,-0.6398006122643513,0.7095923261390886,0.6746964692017199
327,3.3096085409252667,0.9220785079286551,281,-0.6783118298917161,0.8841354723707665,0.7812236511312414
328,3.446043165467626,0.9046423540514418,278,-0.3616882231687766,0.5937722419928826,0.4777302325808296
329,3.4,0.8253787009609588,65,-0.4685405208476157,0.5779976019184653,0.5232690613830405
330,4.496598639455782,0.7344194395226895,147,2.076334121616472,0.5564102564102563,1.3163721890133642
331,3.671641791044776,1.0644113425296795,67,0.1618581327622896,0.49353741496598647,0.327697773864138
332,4.15934065934066,0.9114954044098827,182,1.2936600869399582,0.6592039800995024,0.9764320335197303
334,3.5233644859813085,0.9152779058077459,321,-0.1822487629896508,,
336,2.984375,1.2796676180158757,128,-1.433080768498348,,
337,3.9411764705882355,1.1265709965815207,34,0.7873668162084471,0.8420572916666667,0.8147120539375569
338,4.0,0.9444002816030349,75,0.9238784832797576,0.7426470588235294,0.8332627710516436
339,4.00796812749004,0.9208345426731556,251,0.942370103520493,0.6837777777777778,0.8130739406491354
340,4.159090909090909,1.1801297094295289,44,1.2930804919498946,0.552191235059761,0.9226358635048277
342,3.4444444444444446,1.2802460282449617,198,-0.3653983723937355,,
343,3.9873417721518987,1.09110817814993,237,0.8945025549226399,0.8626262626262626,0.8785644087744513
344,3.6702127659574466,1.0173710261040192,188,0.15854179661400244,0.6818565400843882,0.42019916834919535
345,3.663755458515284,0.910728381874208,229,0.14355633395073536,0.5733156028368795,0.3584359683938074
346,3.290155440414508,1.1496179060362195,193,-0.7234566079590168,0.48733624454148466,0.6053964262502507
347,3.5728643216080402,1.3155892548812518,199,-0.06737457660991326,0.734887737478411,0.40113115704416213
348,3.896551724137931,0.6930647718499557,58,0.6838062411888313,0.8771356783919598,0.7804709597903956
349,3.1951219512195124,1.1004433696270324,41,-0.9440006685984255,0.4577586206896551,0.7008796446440403
350,4.32,0.8191583535332256,50,1.6665019521476907,0.7499999999999999,1.2082509760738454
351,4.162790697674419,0.9494417547304795,43,1.301666585174782,0.47766666666666674,0.8896666259207243
352,3.738095238095238,1.1906039420420373,42,0.31607653703368216,0.6205426356589148,0.4683095863462985
354,3.734782608695652,0.8687232491069959,230,0.30838892348432456,,
357,4.131578947368421,0.8995125385549355,76,1.2292335280445328,,
358,3.7837837837837838,1.181692174974683,37,0.4221058691798033,0.5899122807017545,0.5060090749407788
360,3.9607843137254903,0.8550556536510437,102,0.8328707052322173,,
361,3.7768595041322315,0.9616617848442103,121,0.4060367048852802,0.5732026143790849,0.48961965963218257
363,3.0620915032679736,1.2724318545158264,306,-1.2527242083572585,,
365,3.4035087719298245,1.1780681693046553,57,-0.4603977196538883,,
366,4.393939393939394,1.0879853497231116,33,1.8380929809391433,0.7739766081871345,1.306034794563139
367,4.155172413793103,0.7446116175430225,58,1.2839868464161466,0.5752525252525252,0.929619685834336
368,3.3181818181818183,1.0948659740155788,44,-0.6584158395922569,0.45431034482758625,0.5563630922099216
370,3.6933333333333334,0.944018628614484,75,0.2121976589479892,,
371,4.098039215686274,0.9435020288432732,51,1.1513979283986087,0.5722222222222224,0.8618100753104155
372,4.333333333333333,0.6956083436402527,63,1.6974445966838532,0.638235294117647,1.16783994540075
373,3.7445887445887447,0.9462299011264695,231,0.3311460067753205,0.5034391534391535,0.417292580107237
374,3.3333333333333335,1.2962628582851228,270,-0.6232537435284344,0.6235209235209236,0.623387333524679
376,3.7333333333333334,0.6914918072835209,30,0.3050255925564808,,
377,3.909090909090909,0.9474847084398105,33,0.7129059068968225,0.4200000000000001,0.5664529534484113
378,3.433242506811989,0.8065890561560075,367,-0.3913946904645365,0.6469696969696969,0.5191821937171167
379,3.994871794871795,0.9443125241531719,195,0.9119774661504639,0.47366030881017257,0.6928188874803183
380,3.1925465838509317,0.9186643017875908,161,-0.9499773193761275,0.67,0.8099886596880638
381,3.8306451612903225,1.1096163124570158,124,0.5308569901792892,0.5458592132505176,0.5383581017149034
382,3.4705882352941178,1.0649495983654924,51,-0.30472652036204195,0.7487903225806454,0.5267584214713437
383,4.380281690140845,0.8513216142831536,71,1.8063975704027404,0.5699346405228758,1.188166105462808
385,3.2330827067669174,1.2124338101839511,266,-0.855905206206358,,
387,3.3645484949832776,1.211333800955926,299,-0.5508127696979509,,
388,4.173076923076923,0.8568330618782177,52,1.3255378113934235,0.8109253065774806,1.068231558985452
389,3.7063197026022303,1.0290541529228052,269,0.24233510455570226,0.6439102564102565,0.44312268048297937
390,3.838709677419355,1.1859391269804813,31,0.5495722993745501,0.5964684014869888,0.5730203504307694
391,3.768595041322314,1.0145633755341292,121,0.38685737975955836,0.8220430107526882,0.6044501952561232
392,4.045045045045045,1.1232047282614426,111,1.0284144445505814,0.6201101928374656,0.8242623186940234
393,3.342528735632184,0.8201989451689334,435,-0.6019139886759083,0.6990990990990992,0.6505065438875037
394,3.870748299319728,0.9309893753608358,147,0.6239242760414349,0.5523371647509578,0.5881307203961963
395,3.8947368421052633,1.0968169942141635,57,0.6795944474679381,0.5992063492063493,0.6394003983371437
396,3.4150943396226414,0.7950317425726555,53,-0.43351111193875097,0.5280701754385966,0.48079064368867375
397,3.712871287128713,1.3366872009813389,101,0.2575393558920713,0.5754716981132076,0.41650552700263943
398,3.7017543859649122,0.9386770217085275,171,0.23174038181293466,0.5465346534653467,0.3891375176391407
399,2.941747572815534,0.7914959047540713,309,-1.5320061680128583,0.6373294346978559,1.084667801355357
401,3.125,1.1117226058319944,152,-1.1067325644059949,,
402,3.8970588235294117,0.9946079386934471,68,0.684983065904963,0.7657894736842106,0.7253862697945868
403,3.68,1.2361890087305105,50,0.18125501441182568,0.6512254901960786,0.4162402523039521
404,3.255813953488372,1.114686017201042,43,-0.8031528396689221,0.8136666666666669,0.8084097531677945
405,2.0309810671256456,1.439254081706873,581,-3.6456204860883283,0.6724806201550387,2.1590505531216837
406,3.533724340175953,1.0749311470261667,341,-0.1582066665552978,0.6979059093516925,0.42805628795349515
407,3.4690265486725664,0.8596722523812533,226,-0.3083507239126078,0.7124633431085045,0.5104070335105562
409,3.6310160427807485,1.1300873192827228,187,0.06757802619607865,,
411,3.8035714285714284,0.7727081739427388,56,0.46802702359520054,,
412,3.9411764705882355,0.7324415254716886,51,0.7873668162084471,0.3663690476190476,0.5768679319137473
413,3.66,1.0022423838165933,50,0.13484104760757987,0.4696078431372549,0.3022244453724174
416,3.8589473684210525,1.0845573808766165,475,0.5965378752919186,,
417,3.2653631284916202,0.9375313295131831,358,-0.7809920850884875,0.3865263157894736,0.5837592004389806
419,4.21875,0.9064064103067461,32,1.4315312452011957,,
420,4.2,0.8331372318284808,35,1.3880181513222158,0.6473958333333334,1.0177069923277746
421,3.8548387096774195,1.0377588429793865,62,0.5870029177650709,0.5471428571428572,0.567072887453964
422,3.463157894736842,0.9318310311149293,95,-0.32197009936052334,0.7362903225806453,0.5291302109705843
423,3.5873015873015874,0.9269255570018804,63,-0.03387003807769447,0.6201754385964914,0.32702273833709294
424,3.3488372093023258,1.3431257241835015,43,-0.5872739243003369,0.6576719576719577,0.6224729409861474
425,2.974747474747475,1.1011616786404625,198,-1.4554233503722347,1.0023255813953489,1.2288744658837918
426,3.8282828282828283,0.8211540415830916,99,0.5253747278897687,0.755976430976431,0.6406755794330998
427,4.548387096774194,0.7676244601548055,31,2.1965195085574654,0.5441077441077442,1.3703136263326048
428,3.9272727272727272,0.8131909131805775,55,0.7551004221734093,0.24784946236559138,0.5014749422695004
429,3.406862745098039,0.9065158403634174,408,-0.45261415968929614,0.4318181818181819,0.442216170753739
430,3.53125,0.9753916592266354,64,-0.16394886369475262,0.6097630718954249,0.38685596779508874
432,3.7096774193548385,1.0771409755092878,62,0.25012735225038313,,
433,3.575,1.2787714456682282,40,-0.06241831131046458,0.7602150537634409,0.41131668253695275
434,3.7045454545454546,1.4237119099512368,44,0.23821761003521794,0.77125,0.504733805017609
435,3.323607427055703,1.0625640079583547,377,-0.6458246380839923,1.0022727272727274,0.8240486826783598
436,3.7857142857142856,0.871496804566712,140,0.4265859818056955,0.7074270557029178,0.5670065187543066
437,3.5775193798449614,1.168572930619005,258,-0.05657159068589883,0.5754761904761905,0.31602389058104463
438,4.0606060606060606,0.933387444318875,33,1.0645268675350477,0.7708656330749355,0.9176962503049916
440,4.145833333333333,1.2026492623483167,48,1.262313657894049,,
442,3.125874125874126,0.918258707808785,143,-1.1047039819407745,,
445,2.015873015873016,1.102608739193569,126,-3.6806817155541482,,
446,2.75,0.9063269671749656,36,-1.9769944419856031,0.5212962962962964,1.2491453691409498
447,3.605839416058394,0.9803785600889124,137,0.009150670349366105,0.6032407407407407,0.30619570554505343
448,3.3714285714285714,1.4159950624231437,35,-0.5348461877108237,0.6667883211678832,0.6008172544393535
449,3.763888888888889,1.1566471159609224,72,0.37593581961852274,1.0466666666666666,0.7113012431425947
450,3.8804554079696394,0.8604851963850881,527,0.6464515469735446,0.6395833333333334,0.643017440153439
451,2.8461538461538463,1.3492638068638838,91,-1.7538503708113442,0.5584123972169512,1.1561313840141478
452,3.46,1.202342771718413,200,-0.3292986204348783,0.828021978021978,0.5786602992284281
453,3.296774193548387,1.0517406323667737,155,-0.7080964785469482,0.6814166666666667,0.6947565726068075
454,2.9914163090128754,0.9284368412450819,233,-1.4167400143592463,0.617741935483871,1.0172409749215587
455,3.50531914893617,0.7493122723914851,188,-0.22412654671887464,0.5905579399141632,0.4073422433165189
456,3.442857142857143,0.8522817269973679,210,-0.36908202055280265,0.4943262411347518,0.43170413084377723
457,4.025270758122744,0.9456672835659654,277,0.9825242897111159,0.5386507936507937,0.7605875416809549
458,3.6906077348066297,1.112240064887001,181,0.20587236697098305,0.46558363417569193,0.3357280005733375
459,3.3813559322033897,1.0452946382606552,118,-0.5118077780380144,0.7187845303867405,0.6152961542123774
460,3.4461538461538463,0.8844272375167663,65,-0.36143136668397097,0.7362994350282487,0.5488654008561098
462,4.0,1.3228756555322954,33,0.9238784832797576,,
463,2.8968253968253967,1.3012570235237317,126,-1.6362569872718942,0.7575757575757577,1.1969163724238259
464,4.0576923076923075,0.872532072301397,52,1.0577649259843123,0.8145502645502645,0.9361575952672884
465,3.4556962025316458,0.7973910721273918,79,-0.33928643607629766,0.5967948717948718,0.4680406539355847
466,3.4343434343434343,1.117227035206474,99,-0.3888397697696179,0.4664556962025317,0.42764773298607484
467,3.6818181818181817,0.9829411790754313,44,0.18547446593948363,0.6762626262626265,0.43086854610105507
468,3.993006993006993,0.8998943873596821,143,0.9076498235579932,0.6768939393939394,0.7922718814759663
469,4.523809523809524,0.5516315153139572,42,2.139482375771909,0.6289044289044289,1.3841934023381688
470,3.5789473684210527,0.8006106691826075,57,-0.053257659967521694,0.3841269841269841,0.2186923220472529
471,3.3870967741935485,1.5204696501374986,31,-0.4984850155600319,0.5865497076023393,0.5425173615811856
472,4.229007633587786,0.9228050316173435,262,1.4553361184428766,1.235483870967742,1.3454099947053093
473,3.914285714285714,0.9194444797052755,35,0.7249614826901326,0.5807888040712468,0.6528751433806896
474,4.083333333333333,0.8229487116724492,324,1.117270011630781,0.6595238095238095,0.8883969105772953
476,3.3902439024390243,1.0153889671411593,82,-0.49118148026432096,,
477,4.457142857142857,0.505432670960188,35,1.9847691530910898,0.6648373983739837,1.3248032757325368
478,3.4414414414414414,1.240855164683429,111,-0.37236743647845777,0.28428571428571436,0.3283265753820861
479,3.427860696517413,1.1857571001252798,201,-0.4038842486824969,0.8042042042042044,0.6040442264433507
480,3.7288135593220337,0.9064996809360236,59,0.29453656051032306,0.7674129353233831,0.5309747479168531
481,3.982142857142857,0.9043545448866517,56,0.8824374414902526,0.57909604519774,0.7307667433439964
483,3.0508474576271185,0.936312076134789,59,-1.2788182464132622,,
484,3.9928057553956835,0.9890443556069363,139,0.9071828117674391,0.6149717514124293,0.7610772815899343
486,3.2093023255813953,1.004274828648288,172,-0.9110922973532148,,
487,3.6519823788546257,1.1511952386820523,227,0.11623456752305852,0.6605620155038759,0.3883982915134672
488,3.3529411764705883,0.9138595728477374,153,-0.5777498545046642,0.7067547723935389,0.6422523134491016
489,3.70873786407767,1.1081787563842194,103,0.2479469278781205,0.6279956427015251,0.43797128528982276
490,2.7962962962962963,1.2190257419794979,54,-1.869554704012812,0.7619741100323625,1.3157644070225873
491,3.8484848484848486,1.227833766263071,33,0.5722575226415324,0.7481481481481481,0.6602028353948403
492,3.5272727272727273,1.0337731224436377,55,-0.1731789139115059,0.8393939393939394,0.5062864266527226
493,3.7555555555555555,1.1874132594662308,135,0.3565966667834204,0.55,0.4532983333917102
494,3.872340425531915,1.0957828505247573,47,0.6276191206994656,0.8507407407407407,0.7391799307201031
495,3.952830188679245,1.1344002776730966,212,0.8144115804395551,0.6758865248226951,0.7451490526311251
496,3.0238095238095237,1.2928374110570018,126,-1.3415651345465243,0.7073899371069183,1.0244775358267213
497,3.192727272727273,0.901712593086542,275,-0.9495579950007077,0.8071428571428573,0.8783504260717825
498,3.3055555555555554,0.9332833819467007,144,-0.6877175863121099,0.6030909090909091,0.6454042477015095
499,3.8514851485148514,1.0235833001164232,101,0.5792203139412987,0.660300925925926,0.6197606199336123
500,3.3394495412844036,1.017996437267887,218,-0.6090598698879927,0.6919141914191418,0.6504870306535673
501,3.7746478873239435,0.5903312169232152,71,0.4009042094291007,0.6680428134556574,0.5344735114423791
502,3.108108108108108,1.1250625608230709,37,-1.1459335498825542,0.36807511737089205,0.7570043336267231
503,4.031847133757962,1.226943158807145,157,0.9977860737323788,0.7756756756756755,0.8867308747040272
504,3.6307053941908713,0.8269743549101838,241,0.06685710452916141,0.8393842887473463,0.45312069663825383
505,3.369369369369369,0.9993445845601,111,-0.5396249745117762,0.5133471645919778,0.5264860695518769
506,3.6791666666666667,1.0829524059387798,240,0.17932109912831512,0.6905405405405406,0.43493081983442783
507,4.719298245614035,0.7735443925970218,57,2.5931527279938598,0.7147222222222223,1.653937475108041
508,3.8275862068965516,0.9789279441345713,87,0.52375807979488,0.3672514619883041,0.445504770891592
509,2.515151515151515,1.325735930559234,33,-2.5220069309748525,0.5591954022988506,1.5406011666368515
510,2.7666666666666666,1.1043279539543758,30,-1.9383161363153985,0.8818181818181817,1.4100671590667901
514,3.839378238341969,0.8898171786378165,193,0.5511238275979908,,
515,2.973684210526316,0.9440236513660816,38,-1.4578908658854854,0.5176165803108809,0.9877537230981832
517,3.25,1.2276574673510756,36,-0.8166452718794588,,
518,3.6527777777777777,1.1026181674365743,72,0.11808044848382389,0.7226851851851852,0.42038281683450457
519,3.9761904761904763,1.4731432337774077,42,0.8686237608937509,0.6215277777777778,0.7450757693357644
521,3.14,0.8672257704385586,150,-1.0719220893028103,,
522,4.333333333333333,0.802295557085754,30,1.6974445966838532,0.5834444444444445,1.140444520564149
523,4.346938775510204,0.7194218872699253,98,1.7290187237615724,0.49666666666666676,1.1128426952141195
524,3.4966887417218544,1.065148109024536,302,-0.24415511841649334,0.37551020408163277,0.30983266124906306
525,3.2962962962962963,0.9034447624807775,54,-0.7092055339066676,0.7282560706401766,0.7187308022734221
526,3.235294117647059,1.2710043866996124,68,-0.8507731886472865,0.5879629629629631,0.7193680758051249
527,3.837037037037037,0.9557946401504925,135,0.5456906056155328,0.8308823529411766,0.6882864792783547
528,3.769230769230769,1.0216362234926568,52,0.38833271246153706,0.6814814814814815,0.5349070969715093
529,3.604651162790698,0.8766694246848051,43,0.006393092963271901,0.6650641025641024,0.3357285977636872
530,3.9318181818181817,0.7280981045808949,44,0.7656490509925558,0.5244186046511629,0.6450338278218593
532,4.173745173745174,0.9383753632788889,259,1.3270886196100788,,
533,3.39453125,1.053755829421226,256,-0.48123183989565144,0.42142857142857143,0.45133020566211146
534,4.10126582278481,0.8257853559329764,79,1.1588859101366975,0.6638020833333333,0.9113439967350154
535,3.9395348837209303,0.8488969023858217,215,0.7835571882901776,0.5746835443037976,0.6791203662969876
536,3.871165644171779,0.9822325242282997,163,0.6248928075468858,0.6075968992248063,0.616244853385846
537,2.8734439834024896,0.9728968285791455,482,-1.690518194594252,0.6447852760736197,1.1676517353339357
538,3.617283950617284,0.9429727095012866,81,0.03570998270468442,0.5955739972337484,0.3156419899692164
539,3.982142857142857,0.9043545448866516,56,0.8824374414902526,0.6335390946502057,0.7579882680702292
540,3.7142857142857144,0.6071767407189163,63,0.2608218146476755,0.6773809523809524,0.46910138351431396
541,3.6615384615384614,1.0823019263355087,130,0.13841135274636737,0.4222222222222222,0.2803167874842948
542,3.488888888888889,0.7998756122203475,135,-0.2622562239398564,0.6867948717948718,0.4745255478673641
543,3.557894736842105,0.715893484342841,190,-0.10211446712988581,0.5599999999999999,0.3310572335649429
544,2.806451612903226,1.0138821377494092,31,-1.84598727761878,0.4374561403508773,1.1417217089848286
545,3.506172839506173,0.8284304817597293,162,-0.2221453884300144,0.5639784946236559,0.39306194152683516
546,3.8983050847457625,1.1094409162717218,59,0.6878752622412194,0.597119341563786,0.6424973019025026
548,3.675324675324675,1.2147412478078246,154,0.17040499619784527,,
550,3.6666666666666665,1.221158495108411,39,0.15031236987566113,,
551,3.830769230769231,1.3283382216698794,325,0.5311449180130631,0.5837606837606837,0.5574528008868733
552,3.097560975609756,0.5579892493667892,82,-1.1704102627654782,0.8636923076923079,1.017051285228893
553,4.181818181818182,0.7741174878351288,99,1.345823636045628,0.3262195121951219,0.8360215741203749
554,3.5701754385964914,0.7867182676573201,114,-0.07361466295183956,0.5690235690235691,0.32131911598770435
555,4.019230769230769,0.6998707055770279,52,0.9685072975146092,0.4508771929824562,0.7096922452485327
556,4.204545454545454,1.1926040582466166,44,1.3985667801413613,0.45448717948717954,0.9265269798142703
557,3.7547169811320753,1.0724820310016763,53,0.35465058851070536,0.6151515151515151,0.4849010518311102
559,3.608108108108108,1.0956647768460155,74,0.014415620223590005,,
560,3.393939393939394,0.945647190306365,99,-0.4826053592731443,0.6804054054054053,0.5815053823392748
561,3.0170454545454546,0.9984285762434993,352,-1.3572624988607305,0.5227272727272728,0.9399948857940017
562,3.5416666666666665,1.4625609413088583,72,-0.13977492265087496,0.6054924242424242,0.3726336734466496
563,3.7666666666666666,1.0726484571581123,30,0.38238220389689015,0.8715277777777778,0.626954990837334
564,3.4545454545454546,0.6169941800226467,33,-0.3419569750178542,0.741111111111111,0.5415340430644826
565,4.5625,0.7156093726283552,32,2.22927129964917,0.4095959595959597,1.3194336296225648
566,3.4527027027027026,1.108620884141441,148,-0.3462334461607518,0.4791666666666667,0.4127000564137092
567,3.954248366013072,0.9890177828282974,153,0.8177027422242938,0.6367117117117117,0.7272072269680028
568,3.3625,1.150055034456387,80,-0.5555667086055768,0.6645969498910675,0.6100818292483221
569,3.4857142857142858,0.9127575220154908,70,-0.26962352025799063,0.7689583333333333,0.519290926795662
573,3.7450980392156863,0.62747548971739,51,0.33232792597074295,,
574,3.577777777777778,1.1379584768125306,45,-0.055971927032097135,0.3506535947712419,0.20331276090166953
576,3.5277777777777777,0.8778581437993958,36,-0.1720068440427122,,
577,3.810810810810811,0.8417708377942016,185,0.484827445942298,0.5597222222222223,0.5222748340822602
579,3.472972972972973,0.9099597006427153,74,-0.2991922635888813,,
580,3.5531914893617023,1.157367902844506,47,-0.1130292857512646,0.6211711711711712,0.36710022846121787
582,3.274193548387097,1.1476184154581515,62,-0.7604993442936772,,
585,3.774193548387097,0.9307031510463096,62,0.39984982581246714,,
586,3.325301204819277,0.8684145600574371,166,-0.6418938908393766,0.6451612903225806,0.6435275905809786
587,2.968421052631579,1.0564153718353138,95,-1.4701050676760772,0.6165662650602409,1.043335666368159
588,3.7455357142857144,1.1950862319756606,224,0.33334363777930953,0.5775438596491228,0.45544374871421617
589,3.441860465116279,1.4848813577970166,43,-0.3713950089317525,0.8453869047619048,0.6083909568468286
590,3.4893617021276597,1.1955049947258403,47,-0.2611589670414106,1.0627906976744186,0.6619748323579147
591,3.6506024096385543,0.7876134829538587,83,0.11303207525377752,0.743971631205674,0.4285018532297258
592,3.848137535816619,1.329323664995437,349,0.5714515147088373,0.5518072289156627,0.56162937181225
593,3.606451612903226,1.0841045990744596,155,0.01057139455105052,0.6174307545367718,0.31400107454391113
595,3.2065217391304346,1.0847397366306417,92,-0.9175451997147761,,
597,3.7,1.1367971201176104,40,0.2276689812160715,,
599,3.9347826086956523,1.0625372968730917,46,0.7725285915267827,,
600,3.5795454545454546,1.0139440564618316,88,-0.05186968249131813,0.6057971014492753,0.32883339197029676
601,3.081081081081081,1.3171475752085395,148,-1.2086551266450478,0.581439393939394,0.8950472602922209
603,3.7872340425531914,1.1020962281975268,47,0.43011287897927053,,
605,3.7555555555555555,1.1927789392852712,90,0.3565966667834204,,
606,3.970212765957447,0.8838326826653591,235,0.8547512986776896,0.7818518518518518,0.8183015752647707
607,3.8378378378378377,0.6877303054053768,37,0.5475490227047917,0.566099290780142,0.5568241567424668
608,3.6645962732919255,1.2396778784168188,161,0.1455076114073131,0.47792792792792793,0.31171776966762055
610,3.7432432432432434,1.0734761204228556,74,0.32802350403606234,,
611,3.8536585365853657,1.1081736238008033,41,0.5842640920291785,0.7004504504504506,0.6423572712398146
614,3.128205128205128,1.1045238836017506,39,-1.0992944287001862,,
615,3.8823529411764706,1.0835778437685568,102,0.6508551491371354,0.7863247863247863,0.7185899677309608
616,3.627906976744186,0.7874992309581578,43,0.06036282180541721,0.5975490196078431,0.32895592070663016
617,2.607843137254902,1.3212420105332638,102,-2.306897637407938,0.5717054263565892,1.4393015318822637
618,3.300469483568075,0.9779887743202526,213,-0.6995208251316557,0.8333333333333331,0.7664270792324944
619,3.50561797752809,1.2713950418341295,89,-0.22343305570159822,0.6528951486697966,0.4381641021856974
620,3.8333333333333335,1.0185200918833628,108,0.5370954265777099,0.8882022471910114,0.7126488368843606
621,3.5470588235294116,1.0550625473249624,170,-0.12726135316933815,0.6910493827160494,0.4091553679426938
622,3.40625,1.136494590905276,224,-0.4540361562212887,0.7000000000000001,0.5770180781106444
623,3.7333333333333334,1.0531338514599695,45,0.3050255925564808,0.6656994047619048,0.4853624986591928
624,3.5323741007194243,0.7547161696397332,139,-0.1613401650209533,0.5648148148148148,0.363077489917884
625,3.4339622641509435,0.7305427587567805,106,-0.38972435080266954,0.4696642685851319,0.4296943096939007
626,2.34375,1.5368458482522973,32,-2.9197781426968454,0.4822327044025159,1.7010054235496808
627,3.2888888888888888,1.085655011146639,180,-0.7263958919823146,0.8265625000000001,0.7764791959911573
629,4.082644628099174,0.9881529643692497,121,1.115671734536972,,
630,3.324074074074074,1.0574939844613926,108,-0.6447416911229932,0.5147382920110193,0.5797399915670063
632,3.6610169491525424,1.0229865693535727,118,0.13720107981796495,,
633,3.310344827586207,0.7540974982736656,58,-0.6766031306597519,0.67909604519774,0.677849587928746
634,3.388059701492537,0.933184762477512,134,-0.4962503517755239,0.5422413793103448,0.5192458655429344
635,3.264705882352941,1.081772494129546,34,-0.7825173551116311,0.5619402985074626,0.6722288268095469
637,2.46,1.1756794725698931,100,-2.649996960647167,,
638,3.537313432835821,1.0346769106161977,67,-0.14987746517667386,0.7948333333333332,0.4723553992550035
639,2.9659863945578233,1.1432647674885932,147,-1.475755174626826,0.7480099502487563,1.111882562437791
640,4.229357798165138,0.8123243687434019,109,1.456148744796338,0.8107709750566894,1.1334598599265138
641,4.125,0.7905694150420947,40,1.2139657758062936,0.5041284403669726,0.8590471080866331
642,3.6451612903225805,1.1588518784411643,310,0.10040487868830011,0.56375,0.33207743934415
643,3.737864077669903,0.7958571393868673,206,0.3155400834182842,0.7911827956989248,0.5533614395586045
644,4.025,0.6196566460342043,40,0.9818959417850657,0.4986245954692557,0.7402602686271607
645,3.959016393442623,0.8566467490287907,122,0.8287678955661394,0.2925000000000001,0.5606339477830697
646,2.945945945945946,0.7049801394344362,37,-1.5222630104575192,0.5700819672131149,1.046172488835317
647,3.8275862068965516,0.6526042575706927,58,0.52375807979488,0.4099099099099099,0.46683399485239496
648,3.279310344827586,1.2703374780730952,290,-0.7486248032870296,0.3370689655172413,0.5428468844021355
650,3.1628664495114007,0.7918223325273078,307,-1.0188559578751548,,
653,2.697508896797153,1.1821413020262332,281,-2.098810458064362,,
654,3.687074829931973,1.0904487017161593,147,0.197673560492239,0.6793594306049823,0.4385164955486106
655,2.9010416666666665,0.7429194760040194,576,-1.6264722968493723,0.6653061224489797,1.145889209649176
658,3.732394366197183,0.8098985206074231,71,0.30284653308210274,,
659,3.7830687830687832,0.8445879648385402,189,0.420446568207251,0.5704225352112677,0.4954345517092594
660,2.5848214285714284,0.9713113341661181,224,-2.360324078538526,0.5560846560846562,1.4582043673115912
661,3.9173553719008263,0.9090909090909091,121,0.7320852320225433,0.5479910714285715,0.6400381517255573
663,3.535483870967742,0.9136584044012126,155,-0.15412332636724058,,
664,3.746987951807229,0.9386434246516828,166,0.3367138429850821,0.5609677419354839,0.448840792460283
665,3.4788732394366195,0.7784172873077154,142,-0.2854995249998861,0.6233935742971889,0.4544465496485375
666,3.668032786885246,0.791182517942841,244,0.15348272279944905,0.5610328638497654,0.3572577933246072
667,3.9574468085106385,1.0206018430853232,47,0.8251253624196606,0.5276639344262295,0.676394648422945
668,3.5217391304347827,1.0485785179053404,46,-0.18602072290872795,0.6450354609929078,0.41552809195081786
669,3.38,1.170167906453142,100,-0.5149544876518615,0.7297101449275362,0.6223323162896988
670,3.8444444444444446,1.043498389499902,45,0.5628809636911797,0.6631666666666668,0.6130238151789232
671,3.628099173553719,1.1190191494113542,121,0.060808852622295254,0.7474074074074075,0.4041081300148514
673,3.8857142857142857,0.9932545604469882,35,0.6586558158269246,,
674,3.65,1.0012812305062462,40,0.11163406420545645,0.6952380952380952,0.4034360797217758
675,3.7666666666666666,1.2780193008453875,30,0.38238220389689015,0.63125,0.5068161019484451
676,3.6986301369863015,1.4012388517432366,73,0.22448994239386275,0.7544444444444446,0.4894671934191537
677,3.5918367346938775,1.3832083379312203,49,-0.023345329051788728,0.8956621004566209,0.4595037147542048
679,3.661290322580645,0.9741502961950704,62,0.13783549707882087,,
680,4.0,0.7710996009560596,38,0.9238784832797576,0.6231182795698923,0.773498381424825
682,3.145408163265306,1.017383101479555,392,-1.059371373789418,,
683,3.232876712328767,1.034415400455809,73,-0.8563832571570663,0.6642431972789116,0.7603132272179889
684,3.4941176470588236,0.9338034030341757,85,-0.2501218535335177,0.4863013698630137,0.36821161169826566
686,4.563380281690141,0.8739466208968728,71,2.2313141679063992,,
689,3.8333333333333335,1.230563169563316,36,0.5370954265777099,,
690,3.1478260869565218,1.0780381650379607,115,-1.0537601022924534,0.8833333333333333,0.9685467178128934
691,4.21875,1.156590512196614,32,1.4315312452011957,0.6752173913043479,1.0533743182527717
692,3.275,0.876692502300404,40,-0.7586278133741517,0.7072916666666667,0.7329597400204092
693,3.1447368421052633,0.9588064789435529,152,-1.0609293076912782,0.465,0.7629646538456392
694,4.167741935483871,0.6326542195715475,155,1.3131569145411743,0.6789473684210525,0.9960521414811134
695,3.289473684210526,1.313297783008991,38,-0.7250387584500269,0.4044086021505377,0.5647236803002823
697,3.7142857142857144,1.2688144505364485,105,0.2608218146476755,,
698,2.8492063492063493,1.1318477658587154,126,-1.7467664320439076,0.8326984126984127,1.2897324223711601
699,3.143835616438356,0.7426859551412698,146,-1.0630207806006267,0.6759259259259257,0.8694733532632761
701,4.212121212121212,0.7398300378117156,33,1.416147828173273,,
702,2.4516129032258065,1.524001524002286,31,-2.6694608822102373,0.5,1.5847304411051186
703,3.5319148936170213,1.0601694661455172,47,-0.16240584618131362,1.0602150537634407,0.6113104499723772
704,3.7954545454545454,1.0301109292914858,88,0.44919018641815306,0.6531914893617022,0.5511908378899276
705,3.6964285714285716,1.1377176909943627,112,0.21938077285817048,0.7054924242424242,0.46243659855029734
707,3.5,1.0101296901637067,222,-0.23647068682638664,,
708,3.201923076923077,1.2724092863869096,104,-0.9282173074665876,0.6563063063063063,0.7922618068864469
709,3.572463768115942,1.010078273756853,138,-0.0683041404341921,0.8841346153846152,0.47621937790940366
710,3.697674418604651,0.812690049329429,86,0.22227200833185623,0.616425120772947,0.4193485645524016
711,3.867579908675799,1.0162889347329043,219,0.6165713971329251,0.39728682170542656,0.5069291094191758
712,3.76875,0.9126771388330202,160,0.3872169921056655,0.6205479452054796,0.5038824686555725
714,3.522727272727273,1.0452247196597189,44,-0.18372754273065234,,
715,3.3832335329341316,1.062711506636984,167,-0.5074504331386002,0.43560606060606055,0.47152824687233036
716,3.8884758364312266,1.0414081223096212,269,0.6650645419921415,0.7274451097804392,0.6962548258862904
717,3.7065217391304346,1.134262053546544,92,0.24280397039136817,0.7089219330855018,0.47586295173843496
718,3.6923076923076925,1.0551589093054372,39,0.20981745552213088,0.6764492753623188,0.4431333654422248
719,3.1044776119402986,1.2077317627912318,67,-1.1543588363133364,0.6649572649572649,0.9096580506353007
720,3.966666666666667,0.7648904962570575,30,0.8465218719393482,0.8027363184079602,0.8246290951736542
721,3.5460122699386503,1.0316141851530605,163,-0.1296900883503612,0.5444444444444444,0.3370672663974028
722,3.619047619047619,0.8249872416568828,42,0.03980292510364777,0.5274028629856851,0.28360289404466643
724,2.2222222222222223,1.3228756555322951,81,-3.201807454875422,,
727,3.0470219435736676,1.028362976514932,319,-1.2876961105275646,,
730,3.236842105263158,1.1725281193266386,38,-0.8471807763559361,,
731,3.4146341463414633,1.4224931991175502,82,-0.43457908172255777,0.9188596491228069,0.6767193654226824
733,3.049019607843137,1.0659207982428043,102,-1.2830601343731054,,
734,3.609375,1.0175786307904022,64,0.017355694134332425,0.744281045751634,0.38081836994298324
735,3.3207547169811322,0.9761302109243649,53,-0.652444917619155,0.6669270833333334,0.6596860004762441
737,3.9696969696969697,1.0150384378451045,33,0.8535542911521126,,
738,3.675675675675676,0.8347570114996578,148,0.1712195621298267,0.7030303030303031,0.4371249325800649
739,3.515151515151515,1.5435594441341602,33,-0.2013085907625641,0.4523648648648649,0.3268367278137145
741,3.4615384615384617,1.042058054427684,104,-0.3257283152960897,,
743,3.6857142857142855,1.1053726699605877,35,0.19451614778446646,,
745,3.1,1.2979775663361308,60,-1.164750022911302,,
746,3.6417910447761193,1.0105727829382496,67,0.09258355544251962,0.9013888888888889,0.49698622216570426
747,4.123674911660777,1.072994381899645,283,1.2108906454968251,0.6261194029850745,0.9185050242409498
748,3.7222222222222223,0.783394641996634,108,0.27924005544301106,0.6794464075382802,0.4793432314906456
749,3.627062706270627,0.9574699099737993,303,0.05840352471873871,0.49413580246913597,0.27626966359393734
750,3.090909090909091,1.0417424214878033,33,-1.1858472805495959,0.6078107810781078,0.8968290308138518
751,3.566265060240964,1.0524749600054535,166,-0.08268947151111465,0.6762626262626262,0.3794760488868704
752,3.2205882352941178,1.2198065449175557,68,-0.8849011054151141,0.7075301204819276,0.796215612948521
753,3.5964912280701755,1.1931298744240328,57,-0.012543653998884926,0.7551470588235295,0.3838453564112072
754,3.3823529411764706,0.8881272732418117,34,-0.5094940209690089,0.766374269005848,0.6379341449874285
755,3.1052631578947367,1.268953041198979,38,-1.1525358211207113,0.5725490196078432,0.8625424203642773
756,3.2242990654205608,0.964545168156584,107,-0.876289388099868,0.9026315789473686,0.8894604835236183
757,3.3674698795180724,0.7650879820644023,166,-0.5440331174569306,0.6049844236760125,0.5745087705664715
758,3.8895184135977336,1.0178676716357153,353,0.6674840490919975,0.46777108433734943,0.5676275667146735
759,4.0625,0.9482581654734623,32,1.0689221295430256,0.6318224740321058,0.8503723017875657
760,3.2,1.1810469062961872,40,-0.9326801888900728,0.7291666666666667,0.8309234277783697
761,2.9365079365079363,1.4013014212948949,63,-1.5441657832952165,0.7683333333333333,1.156249558314275
763,3.7829457364341086,0.8835408195691704,129,0.42016101408639284,,
764,3.688073394495413,0.8787327544951481,109,0.19999092761720913,0.6571059431524549,0.428548435384832
766,3.3563218390804597,0.8394467142078084,174,-0.569904356397118,,
767,4.4324324324324325,0.5548042968541319,37,1.9274237114796662,0.54683908045977,1.237131395969718
768,3.265625,1.1580249675187602,64,-0.7803843603136418,0.4094594594594595,0.5949219098865506
770,4.296875,0.8670271686118671,64,1.6128358030302807,,
771,3.7142857142857144,1.3421036606852859,70,0.2608218146476755,0.6203125,0.4405671573238378
772,4.0,0.8291561975888498,33,0.9238784832797576,0.9995238095238097,0.9617011464017837
773,3.2451612903225806,1.2024970528563446,155,-0.8278744573966151,0.5494949494949496,0.6886847034457824
774,2.054054054054054,1.144238669514164,222,-3.592075043619831,0.7664516129032258,2.1792633282615284
776,3.5656565656565657,1.0610123791004569,99,-0.08410160388315537,,
777,4.055555555555555,1.2408394495995603,36,1.0528061688471066,0.668013468013468,0.8604098184302873
778,2.953846153846154,1.2302282464898693,65,-1.5039290110961747,0.725462962962963,1.114695987029569
779,3.918918918918919,0.7593263966019991,37,0.7357137529922746,0.6238461538461539,0.6797799534192143
780,3.8727272727272726,1.089589549878938,55,0.6285168763436478,0.5072072072072071,0.5678620417754274
781,3.7560975609756095,1.280243879205795,41,0.3578544978621258,0.7399999999999999,0.5489272489310628
782,2.923076923076923,0.9195964159555069,156,-1.575335113871938,0.6841463414634147,1.1297407276676763
783,3.8666666666666667,0.8603661343041528,30,0.6144520379181192,0.6183760683760684,0.6164140531470939
784,3.8461538461538463,0.670367595092877,39,0.5668479694009443,0.5977777777777777,0.582312873589361
786,3.871794871794872,0.8860845832053307,117,0.626353055047413,,
787,3.185185185185185,1.0474420607937112,54,-0.9670609050413665,0.5121082621082621,0.7395845835748143
788,3.3522267206477734,0.9024723838840434,247,-0.5794078909468258,0.6919753086419754,0.6356915997944006
789,3.6666666666666665,1.050793351076541,33,0.15031236987566113,0.5452766531713901,0.3477945115235256
790,3.013215859030837,0.9887874768814802,227,-1.3661498348151881,0.6636363636363637,1.0148930992257759
792,3.130434782608696,0.8591648568276807,46,-1.09412007342658,,
793,3.537037037037037,0.7451215669578837,54,-0.15051889644815333,0.44347826086956527,0.2969985786588593
794,4.315789473684211,0.739074042953264,38,1.6567305907152174,0.4950617283950617,1.0758961595551395
795,3.1337579617834397,0.8922425032645085,157,-1.0864079770315238,0.39780701754385966,0.7421074972876918
796,3.6136363636363638,1.0560563977625042,352,0.0272450336522828,0.5180467091295117,0.27264587139089724
798,3.34070796460177,0.9446115879630427,226,-0.6061394489840959,,
802,3.493333333333333,0.9638511342572612,75,-0.2519420090944689,,
803,3.090909090909091,1.4440316037840977,33,-1.1858472805495959,0.6244444444444446,0.9051458624970202
804,3.675840978593272,0.8057293760285515,327,0.1716031803363247,0.9303030303030303,0.5509531053196774
805,3.3505535055350553,1.2044630230847297,271,-0.5832909184817289,0.43425076452599387,0.5087708415038614
806,3.647482014388489,0.9695607054902211,139,0.10579057917614507,0.8289667896678966,0.46737868442202085
807,3.895,0.8230199323498953,200,0.6802051575574674,0.6158273381294964,0.6480162478434819
814,2.9714285714285715,0.7065123239304082,35,-1.463125523795739,,
815,3.7472527472527473,1.1379287823350126,182,0.3373283533359924,0.37571428571428567,0.35652131952513905
817,3.361111111111111,0.8992942559196955,36,-0.55878990074476,,
821,4.338709677419355,0.8673220209942403,62,1.7099214694806943,,
823,4.005405405405406,0.9295703618227715,185,0.9364227986322574,,
825,3.6180555555555554,1.077399924953867,144,0.03750064500423031,,
826,3.8421052631578947,0.8155452855086692,114,0.5574524295620278,0.6607638888888888,0.6091081592254584
828,3.1443298969072164,1.0800240228968816,97,-1.061873704736943,,
829,3.546875,0.8151285320791585,64,-0.1276879521289356,0.6570446735395188,0.3923663128342272
830,3.7452830188679247,1.1634212335850302,106,0.33275720794266567,0.4549479166666667,0.39385256230466614
831,3.5205479452054793,1.1679705694672076,73,-0.18878510449325775,0.7050314465408805,0.44690827551706913
833,3.0501930501930503,1.2733820717175455,259,-1.280336928659327,,
834,3.925925925925926,0.9286194226621329,54,0.7519749025232921,0.8065637065637065,0.7792693045434993
835,4.158415841584159,0.7966514076724743,101,1.2915138639074473,0.5719135802469137,0.9317137220771805
836,3.86,1.2290696664135679,50,0.598980715650037,0.4803630363036304,0.5396718759768337
837,3.0434782608695654,1.298828903951221,46,-1.2959199290972137,0.7140000000000001,1.004959964548607
838,4.118279569892473,0.7200462298804365,93,1.1983696848102432,0.7380434782608696,0.9682065815355564
839,3.2363636363636363,1.1049323150652357,55,-0.8482911583368992,0.4810035842293907,0.6646473712831449
840,4.150259067357513,0.7926829673338571,193,1.2725844514981837,0.780909090909091,1.0267467712036373
841,3.8666666666666667,1.0416609195243756,30,0.6144520379181192,0.570811744386874,0.5926318911524966
843,2.737623762376238,0.819822998145491,202,-2.005715956097141,,
844,3.5,0.8419386910539691,80,-0.23647068682638664,0.5566831683168317,0.3965769275716092
846,3.7562814070351758,1.0399565197295464,398,0.3582811491074157,,
847,3.0416666666666665,1.1639996155047063,144,-1.3001240927570192,0.6558626465661642,0.9779933696615917
848,4.29054054054054,1.070656092185086,148,1.5981354334765707,0.754050925925926,1.1760931797012484
850,4.529411764705882,0.9869739849959692,51,2.1524834869215574,,
851,3.522613065326633,1.0816379302482266,199,-0.1839925836557569,0.5630718954248366,0.37353223954029674
852,3.4693877551020407,0.8190960672271226,49,-0.30751247275125293,0.6762981574539363,0.4919053151025946
853,2.975609756097561,1.0836928734205273,41,-1.4534222554742942,0.526530612244898,0.9899764338595961
854,3.215962441314554,1.0417368653819923,213,-0.8956361778256516,0.7504065040650407,0.8230213409453462
859,3.8421052631578947,0.9161115177447142,38,0.5574524295620278,,
860,3.242857142857143,0.8753585482484982,70,-0.8332216885952608,0.6175438596491228,0.7253827741221919
861,4.024390243902439,1.036527975455771,41,0.9804808818215208,0.5135714285714286,0.7470261551964748
862,4.363636363636363,0.7970288507410039,165,1.7677687888114981,0.6662601626016259,1.217014475706562
863,3.1354166666666665,1.4335806600160068,96,-1.0825586233621172,0.512020202020202,0.7972894126911596
864,3.835616438356164,0.9196398313389917,292,0.5423938246147234,1.0487847222222222,0.7955892734184729
865,2.287878787878788,1.52683837757486,66,-3.0494383719321907,0.5450342465753425,1.7972363092537667
867,4.287234042553192,0.946099410829924,94,1.5904620490854158,,
868,2.970873786407767,1.339503444069984,206,-1.4644130124726946,0.6420212765957446,1.0532171445342196
869,2.869565217391304,1.309939704332038,46,-1.6995196404384818,0.8496763754045309,1.2745980079215062
870,3.4569288389513106,0.973820245659802,267,-0.3364258587830962,0.5811594202898549,0.45879263953647553
871,3.514018691588785,0.9453409685489886,107,-0.20393753252434532,0.49837702871410733,0.35115728061922635
872,3.4,0.9072973083819336,70,-0.4685405208476157,0.6017133956386294,0.5351269582431225
874,3.823529411764706,0.7576114073608448,34,0.5143434820658248,,
875,4.206896551724138,0.7944272623850023,87,1.4040229674616105,0.4431372549019609,0.9235801111817856
877,3.825,0.8826743023622206,80,0.5177562737426076,,
878,3.2706766917293235,1.1086971575250495,133,-0.7686609077021366,0.5870833333333334,0.6778721205177349
880,3.4313725490196076,0.9909260046907727,357,-0.39573429840958335,,
881,3.3385214007782102,1.1651660258110346,257,-0.6112138040201994,0.5984593837535015,0.6048365938868505
882,4.0588235294117645,1.0093247165517476,136,1.0603901503510682,0.7920881971465629,0.9262391737488156
883,3.911196911196911,0.8999516114415034,259,0.7177933024887049,0.5623774509803923,0.6400853767345486
884,3.7857142857142856,1.1377280374096501,42,0.4265859818056955,0.6217503217503216,0.5241681517780086
885,3.3137254901960786,1.004745100001727,102,-0.6687576325522046,0.8246031746031746,0.7466804035776895
886,3.388888888888889,1.10715796530284,234,-0.4943260579610855,0.6848039215686278,0.5895649897648566
887,3.9454545454545453,1.3670983400607635,165,0.7972949374499961,0.7856837606837608,0.7914893490668784
889,3.4361370716510904,0.8677211713175192,321,-0.38467727864679746,,
890,3.857142857142857,1.1220872974718588,119,0.5923501489637165,0.5692107995846315,0.580780474274174
891,4.127659574468085,0.8499877563464933,47,1.2201378458600498,0.661204481792717,0.9406711638263834
892,4.004444444444444,0.8988970313756036,225,0.9341926981251452,0.5765957446808511,0.7553942214029981
893,3.4237288135593222,0.8750052183195819,59,-0.4134731026052895,0.5425925925925926,0.47803284759894105
894,3.634782608695652,0.733841180568958,230,0.07631908946309547,0.5604519774011298,0.3183855334321127
896,3.0142857142857142,1.1492224497678192,350,-1.363667023500927,,
897,3.9619565217391304,0.9937886210034422,184,0.8355910464238552,0.6486190476190475,0.7421050470214514
898,3.5,1.0422125006694767,30,-0.23647068682638664,0.7217391304347827,0.47910490863058464
899,3.525925925925926,1.035414904433402,135,-0.17630443356162312,0.8127777777777777,0.49454110566970044
900,2.5681818181818183,1.1080619425370328,44,-2.3989395947514733,0.7098765432098766,1.554408068980675
901,3.816666666666667,1.0689139492084125,120,0.49841712090750523,0.7507575757575758,0.6245873483325406
902,3.4489795918367347,1.1191742582851711,49,-0.35487366336782983,0.6906944444444444,0.5227840539061371
903,3.8582089552238807,1.0048976686362043,134,0.5948242410108514,0.6642857142857143,0.6295549776482828
904,3.74468085106383,0.8960804774218949,47,0.3313597581191735,0.6111940298507462,0.47127689398495987
905,3.275,0.7840558588159325,40,-0.7586278133741517,0.6177304964539007,0.6881791549140261
906,3.8048780487804876,0.7148255799536679,41,0.47105929494565213,0.5445833333333334,0.5078213141394927
907,4.575342465753424,0.6831530998029869,146,2.259074788607375,0.4577235772357724,1.3583991829215738
908,3.554054054054054,0.7050093148494107,74,-0.11102753330139832,0.43401826484018263,0.27252289907079047
910,3.1666666666666665,1.0918289222585313,60,-1.0100368002304831,,
911,3.806122448979592,0.9487720035649131,98,0.4739471724222734,0.685,0.5794735862111368
912,3.811320754716981,0.9619012378054868,53,0.4860108719189486,0.6670068027210885,0.5765088373200186
913,3.522727272727273,1.128843961055214,132,-0.18372754273065234,0.6723270440251572,0.4280272933779048
916,3.3682539682539683,0.8945741250623218,315,-0.542213484028958,,
917,3.5428571428571427,1.1717974414110481,35,-0.13701218653157463,0.573968253968254,0.35549022024991433
918,3.3267326732673266,1.0964388801122396,101,-0.6385718843879221,0.6819047619047618,0.660238323146342
919,3.4790697674418603,0.9659042878259725,215,-0.28504344278431876,0.7486798679867988,0.5168616553855587
921,3.317757009345794,1.1125199242745958,107,-0.6594016927529256,,
922,3.37007874015748,1.0220051067363733,127,-0.5379787389012121,0.7499999999999999,0.643989369450606
923,4.148648648648648,0.6960245711383225,74,1.2688471554734753,0.637795275590551,0.9533212155320132
924,3.7560975609756095,0.8249350982291116,82,0.3578544978621258,0.4605855855855856,0.40922004172385573
925,3.129032258064516,0.9216628264128904,31,-1.097374909808365,0.5520325203252032,0.8247037150667841
927,3.689075630252101,1.1479377172591585,119,0.20231681447425667,,
928,4.6875,0.6927039119836262,32,2.5193585921757062,0.7399159663865545,1.6296372792811304
929,3.693877551020408,1.0042427004268162,49,0.2134606240310976,0.3302083333333333,0.27183447868221544
930,2.935483870967742,1.099492695864861,62,-1.546542330494614,0.7176870748299321,1.132114702662273
931,3.721311475409836,0.8968676517187212,61,0.2771264868271524,0.7026881720430108,0.48990732943508164
932,3.9608695652173913,0.9726563503753903,230,0.8330685482279725,0.5076502732240437,0.670359410726008
933,2.6557377049180326,1.1936449750355718,183,-2.1957487937269256,0.5352173913043478,1.3654830925156367
934,3.69364161849711,0.9667826220292908,173,0.21291309581587756,0.6591985428051003,0.4360558193104889
935,3.923076923076923,0.8701063269755684,39,0.7453632263403505,0.6159922928709055,0.6806777596056279
936,3.7196969696969697,0.9753793072276276,132,0.27337970609904044,0.5324786324786325,0.4029291692888365
937,3.375,1.21291131009396,40,-0.5265579793529227,0.5781565656565656,0.5523572725047441
938,3.2685185185185186,1.2425966291727295,108,-0.7736693766903421,0.7858333333333334,0.7797513550118378
939,4.26530612244898,0.9741558354989898,49,1.539573961295263,0.8663580246913581,1.2029659929933105
940,3.457943925233645,1.0120069154042164,107,-0.33407014973251054,0.5673469387755102,0.4507085442540104
942,4.265822784810126,0.7630717404102042,79,1.540772978779226,,
943,3.413173652694611,1.2622675569488961,167,-0.43796844690469905,0.5042194092827006,0.4710939280936998
